{"type": "FeatureCollection", "features": [{"type": "Feature", "geometry": {"type": "Polygon", "coordinates": [[[-87.01961741123631, 20.340553022522563], [-86.98896864091651, 20.357946681612685], [-86.98801317325908, 20.39240440638341], [-87.01772290290795, 20.409480687999768], [-87.04839064830033, 20.39208509154351], [-87.04932968263783, 20.35761515271486], [-87.01961741123631, 20.340553022522563]]]}, "properties": {"h3_index": "86450ac37ffffff", "conteo": 41}}, {"type": "Feature", "geometry": {"type": "Polygon", "coordinates": [[[-86.51537230854406, 21.064959994284465], [-86.48464793151891, 21.082126107877308], [-86.48354917220912, 21.116557247604128], [-86.51319120017185, 21.133834822322402], [-86.54393491837223, 21.116667268044036], [-86.54501726082795, 21.08222358138523], [-86.51537230854406, 21.064959994284465]]]}, "properties": {"h3_index": "864519b8fffffff", "conteo": 139}}, {"type": "Feature", "geometry": {"type": "Polygon", "coordinates": [[[-88.1507767906772, 18.25833706813544], [-88.12042040293757, 18.276238233485174], [-88.11978593772055, 18.31063881972203], [-88.14952417980776, 18.32714958781397], [-88.17989857734946, 18.309245225739435], [-88.18051671734543, 18.274833294723987], [-88.1507767906772, 18.25833706813544]]]}, "properties": {"h3_index": "86452a497ffffff", "conteo": 16}}, {"type": "Feature", "geometry": {"type": "Polygon", "coordinates": [[[-91.31957563950793, 17.425109408619054], [-91.28890973286418, 17.443852303489898], [-91.28914913126572, 17.478674963248263], [-91.32007160288921, 17.494764094837752], [-91.35075409252335, 17.476016253914345], [-91.35049752320771, 17.441184231067492], [-91.31957563950793, 17.425109408619054]]]}, "properties": {"h3_index": "86452da1fffffff", "conteo": 3}}, {"type": "Feature", "geometry": {"type": "Polygon", "coordinates": [[[-91.44279868205568, 17.41972308823654], [-91.41211764969155, 17.438495734150816], [-91.41239140733019, 17.473337081407287], [-91.44336339868342, 17.489415072033637], [-91.47406095840337, 17.470637422279296], [-91.47376999513193, 17.435786789393383], [-91.44279868205568, 17.41972308823654]]]}, "properties": {"h3_index": "86452da77ffffff", "conteo": 3}}, {"type": "Feature", "geometry": {"type": "Polygon", "coordinates": [[[-91.25663079151792, 17.219010060778075], [-91.22602351201158, 17.237747915703128], [-91.22624501850191, 17.272524627937592], [-91.25709089636686, 17.288572860527577], [-91.28771473204169, 17.269830022819242], [-91.28747612934164, 17.235043938909843], [-91.25663079151792, 17.219010060778075]]]}, "properties": {"h3_index": "86452dba7ffffff", "conteo": 6}}, {"type": "Feature", "geometry": {"type": "Polygon", "coordinates": [[[-97.55249059775865, 22.192784703525064], [-97.52014627716146, 22.212811900644557], [-97.52223436404813, 22.248974487576174], [-97.55668665411287, 22.26511545615739], [-97.58904513113346, 22.245082002390795], [-97.58693716032754, 22.208913841863822], [-97.55249059775865, 22.192784703525064]]]}, "properties": {"h3_index": "86456d167ffffff", "conteo": 22}}, {"type": "Feature", "geometry": {"type": "Polygon", "coordinates": [[[-97.47949461747031, 22.088210891352535], [-97.44717865247564, 22.10822557545763], [-97.44924323295623, 22.144374928626426], [-97.48364361954518, 22.160515223302394], [-97.5159737694333, 22.140494282733105], [-97.51388934645804, 22.104339309111197], [-97.47949461747031, 22.088210891352535]]]}, "properties": {"h3_index": "86456d8d7ffffff", "conteo": 224}}, {"type": "Feature", "geometry": {"type": "Polygon", "coordinates": [[[-107.51988350503255, 25.25712936819612], [-107.48747838569905, 25.279432306597148], [-107.49263650273967, 25.31596448742191], [-107.53021999628972, 25.330191882982252], [-107.56263113406987, 25.307880281783156], [-107.55745276542291, 25.27134995362036], [-107.51988350503255, 25.25712936819612]]]}, "properties": {"h3_index": "864802347ffffff", "conteo": 6}}, {"type": "Feature", "geometry": {"type": "Polygon", "coordinates": [[[-106.32849766053465, 25.111747608946978], [-106.29594467434039, 25.13378458708673], [-106.3007446575969, 25.17034429288425], [-106.33811810148279, 25.184866073633597], [-106.37067825450633, 25.162820670288486], [-106.36585780155953, 25.12626191728209], [-106.32849766053465, 25.111747608946978]]]}, "properties": {"h3_index": "864802497ffffff", "conteo": 3}}, {"type": "Feature", "geometry": {"type": "Polygon", "coordinates": [[[-107.23062814845541, 24.45503042435868], [-107.19838249794343, 24.477279480299543], [-107.2034230607171, 24.51382552495585], [-107.24072934166688, 24.528120831089936], [-107.27298121500115, 24.505862957780042], [-107.26792058983675, 24.469318601501005], [-107.23062814845541, 24.45503042435868]]]}, "properties": {"h3_index": "86480291fffffff", "conteo": 991}}, {"type": "Feature", "geometry": {"type": "Polygon", "coordinates": [[[-107.4391827758151, 24.431006141582778], [-107.40697711941321, 24.453300631320563], [-107.4120778131535, 24.489841449585942], [-107.44940417454468, 24.504085934300484], [-107.48161584906639, 24.4817825740658], [-107.47649514948472, 24.445243605389994], [-107.4391827758151, 24.431006141582778]]]}, "properties": {"h3_index": "864802967ffffff", "conteo": 110}}, {"type": "Feature", "geometry": {"type": "Polygon", "coordinates": [[[-108.30517591802797, 25.27575452684392], [-108.2729024597291, 25.29822982124931], [-108.27829166101354, 25.33473618386915], [-108.31597438185474, 25.348764811290273], [-108.34825308336447, 25.32628069562024], [-108.3428438269129, 25.28977677951094], [-108.30517591802797, 25.27575452684392]]]}, "properties": {"h3_index": "86480381fffffff", "conteo": 49}}, {"type": "Feature", "geometry": {"type": "Polygon", "coordinates": [[[-108.57450480596863, 25.410199499109396], [-108.54224600200011, 25.432731801911576], [-108.5477196568452, 25.469225099921218], [-108.58547214582075, 25.483183461272322], [-108.61773593588906, 25.460642321363096], [-108.612242257168, 25.424151662900385], [-108.57450480596863, 25.410199499109396]]]}, "properties": {"h3_index": "864803b17ffffff", "conteo": 102}}, {"type": "Feature", "geometry": {"type": "Polygon", "coordinates": [[[-108.05237334127175, 25.250361432213776], [-108.02006129871228, 25.27278191055606], [-108.02537547235305, 25.309297685453238], [-108.06302180898584, 25.323390730560035], [-108.09533934333163, 25.300961475005796], [-108.09000505517984, 25.26444795730134], [-108.05237334127175, 25.250361432213776]]]}, "properties": {"h3_index": "864803d4fffffff", "conteo": 13}}, {"type": "Feature", "geometry": {"type": "Polygon", "coordinates": [[[-108.07934582841348, 25.191418521573777], [-108.04705377508579, 25.21384557625874], [-108.05237334127175, 25.250361432213776], [-108.09000505517984, 25.26444795730134], [-108.12230256842503, 25.24201210381694], [-108.1169629137755, 25.20549852978374], [-108.07934582841348, 25.191418521573777]]]}, "properties": {"h3_index": "864803d6fffffff", "conteo": 9}}, {"type": "Feature", "geometry": {"type": "Polygon", "coordinates": [[[-110.15255126182679, 27.21578027825892], [-110.120138446474, 27.23862698878327], [-110.12615532229944, 27.27496398135412], [-110.16460513733394, 27.288450604290016], [-110.19702145658528, 27.26559527789974], [-110.19098446450913, 27.229261949995692], [-110.15255126182679, 27.21578027825892]]]}, "properties": {"h3_index": "86480871fffffff", "conteo": 3}}, {"type": "Feature", "geometry": {"type": "Polygon", "coordinates": [[[-110.0552736685107, 27.284297449875737], [-110.02282173173741, 27.307121142427867], [-110.02881365825614, 27.343459478660225], [-110.06727770119055, 27.356970539895446], [-110.09973324675248, 27.334138264316877], [-110.09372114814747, 27.29780351610552], [-110.0552736685107, 27.284297449875737]]]}, "properties": {"h3_index": "86480878fffffff", "conteo": 3}}, {"type": "Feature", "geometry": {"type": "Polygon", "coordinates": [[[-109.24957463439401, 26.998090285792834], [-109.21703103949392, 27.02074209622768], [-109.22277387052166, 27.057141743210654], [-109.2610806442975, 27.070886564863446], [-109.29362866187424, 27.04822622428649], [-109.28786548998049, 27.011829597878823], [-109.24957463439401, 26.998090285792834]]]}, "properties": {"h3_index": "86480a98fffffff", "conteo": 15}}, {"type": "Feature", "geometry": {"type": "Polygon", "coordinates": [[[-109.54113080076911, 27.239539918385212], [-109.50858247360543, 27.262250483330522], [-109.51442210958938, 27.29862047892818], [-109.55283040810902, 27.312276699394978], [-109.58538287399988, 27.289557620011344], [-109.57952290985901, 27.25319084025139], [-109.54113080076911, 27.239539918385212]]]}, "properties": {"h3_index": "86480aba7ffffff", "conteo": 208}}, {"type": "Feature", "geometry": {"type": "Polygon", "coordinates": [[[-110.49084569629915, 27.504840469822717], [-110.45843082783276, 27.527754576384453], [-110.46456024812944, 27.564051186697156], [-110.50312463727094, 27.577429810949727], [-110.53554267348801, 27.554507117718902], [-110.52939316068787, 27.518214392421893], [-110.49084569629915, 27.504840469822717]]]}, "properties": {"h3_index": "86480b907ffffff", "conteo": 102}}, {"type": "Feature", "geometry": {"type": "Polygon", "coordinates": [[[-110.46456024812944, 27.564051186697156], [-110.43212381916075, 27.586958063365888], [-110.43824857320149, 27.623252125963987], [-110.47682988543366, 27.636635456576524], [-110.50926951266464, 27.613720012705496], [-110.50312463727094, 27.577429810949727], [-110.46456024812944, 27.564051186697156]]]}, "properties": {"h3_index": "86480b91fffffff", "conteo": 9}}, {"type": "Feature", "geometry": {"type": "Polygon", "coordinates": [[[-111.16515370481696, 25.96246207451302], [-111.13329471189928, 25.98553482746603], [-111.13954031029992, 26.02186995585344], [-111.17766426297841, 26.0351278258474], [-111.2095256588189, 26.012045977931717], [-111.20326070704631, 25.975715360289144], [-111.16515370481696, 25.96246207451302]]]}, "properties": {"h3_index": "86480dc37ffffff", "conteo": 3}}, {"type": "Feature", "geometry": {"type": "Polygon", "coordinates": [[[-103.129941829325, 25.25472653959543], [-103.09698170822413, 25.275992453872206], [-103.10082545718122, 25.31254001228024], [-103.13765030714772, 25.327823176553913], [-103.17062062741131, 25.306549784287217], [-103.16675590105072, 25.270000711648905], [-103.129941829325, 25.25472653959543]]]}, "properties": {"h3_index": "86481251fffffff", "conteo": 10}}, {"type": "Feature", "geometry": {"type": "Polygon", "coordinates": [[[-103.24042143126613, 25.300525617567562], [-103.2074588111813, 25.32181672131055], [-103.21133749297225, 25.358366007259523], [-103.248199780571, 25.37362562706181], [-103.28117250641378, 25.3523270224925], [-103.2772728414869, 25.315776304865228], [-103.24042143126613, 25.300525617567562]]]}, "properties": {"h3_index": "864812557ffffff", "conteo": 226}}, {"type": "Feature", "geometry": {"type": "Polygon", "coordinates": [[[-104.57189334815668, 26.121881211317802], [-104.53884687170138, 26.14346114939894], [-104.54315642161406, 26.18000781596634], [-104.58053355978005, 26.194975003136427], [-104.61358902366194, 26.173387381298436], [-104.60925836555933, 26.13684026201923], [-104.57189334815668, 26.121881211317802]]]}, "properties": {"h3_index": "86481308fffffff", "conteo": 3}}, {"type": "Feature", "geometry": {"type": "Polygon", "coordinates": [[[-105.20464704730576, 23.451491267968922], [-105.17237146603814, 23.473303416433374], [-105.1767777460869, 23.509859504392182], [-105.21347974617566, 23.524603255140057], [-105.24576335766768, 23.502782521220492], [-105.24133694265855, 23.4662266278915], [-105.20464704730576, 23.451491267968922]]]}, "properties": {"h3_index": "864814bb7ffffff", "conteo": 3}}, {"type": "Feature", "geometry": {"type": "Polygon", "coordinates": [[[-103.39625465152963, 24.456655132966702], [-103.36352764372239, 24.478022401017526], [-103.36742722756951, 24.514577252775094], [-103.40407450934089, 24.52976610908288], [-103.4368113465243, 24.50839106182616], [-103.43289107520478, 24.471834943367302], [-103.39625465152963, 24.456655132966702]]]}, "properties": {"h3_index": "864816787ffffff", "conteo": 3}}, {"type": "Feature", "geometry": {"type": "Polygon", "coordinates": [[[-104.42744441752663, 23.972877511135163], [-104.39494540213214, 23.994503981214876], [-104.39913855477157, 24.031067688244935], [-104.43585113985884, 24.046005371999293], [-104.46835897186111, 24.024370678581054], [-104.46414540549561, 23.987806530651774], [-104.42744441752663, 23.972877511135163]]]}, "properties": {"h3_index": "864816b67ffffff", "conteo": 147}}, {"type": "Feature", "geometry": {"type": "Polygon", "coordinates": [[[-106.0402504688512, 28.361459322563153], [-106.00678547756199, 28.383274035472525], [-106.01162548572984, 28.419681611885224], [-106.04995212820022, 28.434273938550763], [-106.08342496784424, 28.41245172795674], [-106.07856332158418, 28.37604469443197], [-106.0402504688512, 28.361459322563153]]]}, "properties": {"h3_index": "86481a2efffffff", "conteo": 51}}, {"type": "Feature", "geometry": {"type": "Polygon", "coordinates": [[[-105.50895874306738, 28.469215827701948], [-105.4753901248337, 28.490885675054525], [-105.48007158457551, 28.527290888083368], [-105.51834344596614, 28.54202611930732], [-105.55192046502842, 28.520348937740003], [-105.54721722640627, 28.483943865238587], [-105.50895874306738, 28.469215827701948]]]}, "properties": {"h3_index": "86481a6cfffffff", "conteo": 3}}, {"type": "Feature", "geometry": {"type": "Polygon", "coordinates": [[[-106.52754917094806, 28.200690138418803], [-106.49420065250948, 28.222639261365273], [-106.4991827242743, 28.259051206736384], [-106.53753479794568, 28.27351311973636], [-106.57089064838519, 28.2515563392888], [-106.56588709841434, 28.215145309358533], [-106.52754917094806, 28.200690138418803]]]}, "properties": {"h3_index": "86481bc0fffffff", "conteo": 126}}, {"type": "Feature", "geometry": {"type": "Polygon", "coordinates": [[[-107.04073304322777, 26.424444527643836], [-107.00794370981352, 26.44660724487172], [-107.01300772180618, 26.483117270257505], [-107.0508818231812, 26.497463174544407], [-107.08367776871678, 26.475292216188866], [-107.07859300615343, 26.438783600562893], [-107.04073304322777, 26.424444527643836]]]}, "properties": {"h3_index": "86481c397ffffff", "conteo": 7}}, {"type": "Feature", "geometry": {"type": "Polygon", "coordinates": [[[-106.55765094636452, 26.032418918828284], [-106.52489047361709, 26.054482057918175], [-106.5297945091777, 26.091017159138058], [-106.56747974916215, 26.105488058648568], [-106.6002472699598, 26.08341668688969], [-106.59532250773422, 26.046882654194107], [-106.55765094636452, 26.032418918828284]]]}, "properties": {"h3_index": "86481c52fffffff", "conteo": 3}}, {"type": "Feature", "geometry": {"type": "Polygon", "coordinates": [[[-107.53084785118011, 27.092334533107206], [-107.49796128208095, 27.11458696438967], [-107.5031994842622, 27.151050070489454], [-107.5413451188651, 27.165259016503434], [-107.57423787609109, 27.14299841263192], [-107.56897881641761, 27.10653704121674], [-107.53084785118011, 27.092334533107206]]]}, "properties": {"h3_index": "86481d4dfffffff", "conteo": 8}}, {"type": "Feature", "geometry": {"type": "Polygon", "coordinates": [[[-108.33812764668073, 26.21903183150306], [-108.30561466468727, 26.24149856221272], [-108.31105450542846, 26.277976307079445], [-108.34902768682869, 26.291984925380408], [-108.38154595885077, 26.269509622882744], [-108.37608576569687, 26.233034279627415], [-108.33812764668073, 26.21903183150306]]]}, "properties": {"h3_index": "86481d92fffffff", "conteo": 3}}, {"type": "Feature", "geometry": {"type": "Polygon", "coordinates": [[[-105.40112883529565, 26.485435553609243], [-105.36808612333706, 26.507201742478195], [-105.37265981704158, 26.543734042732297], [-105.41029732949379, 26.5584999992978], [-105.44334827944894, 26.5367259927321], [-105.438753483197, 26.500193853273327], [-105.40112883529565, 26.485435553609243]]]}, "properties": {"h3_index": "86481ecd7ffffff", "conteo": 27}}, {"type": "Feature", "geometry": {"type": "Polygon", "coordinates": [[[-109.40266319212797, 22.96313483742956], [-109.37118167500803, 22.98581127613286], [-109.37678603442917, 23.022257312512433], [-109.4138909431931, 23.03602346332902], [-109.44537645933083, 23.013337363523807], [-109.43975307411634, 22.976894779493946], [-109.40266319212797, 22.96313483742956]]]}, "properties": {"h3_index": "8648230dfffffff", "conteo": 61}}, {"type": "Feature", "geometry": {"type": "Polygon", "coordinates": [[[-110.16840941816167, 24.03358850825971], [-110.13681797565606, 24.0564401335044], [-110.1426876831165, 24.09286753587177], [-110.18016794859936, 24.10643937593732], [-110.21176270488306, 24.08357825976586], [-110.20587388895915, 24.047154799854837], [-110.16840941816167, 24.03358850825971]]]}, "properties": {"h3_index": "86482ad07ffffff", "conteo": 13}}, {"type": "Feature", "geometry": {"type": "Polygon", "coordinates": [[[-111.38869167893272, 24.98160038020883], [-111.3571344855081, 25.004706969602353], [-111.3633940363814, 25.041052732055917], [-111.40122975731832, 25.054287149392238], [-111.43278909196505, 25.031171165372037], [-111.42651057238216, 24.99483016385227], [-111.38869167893272, 24.98160038020883]]]}, "properties": {"h3_index": "86482bc5fffffff", "conteo": 6}}, {"type": "Feature", "geometry": {"type": "Polygon", "coordinates": [[[-105.46937333174864, 22.480400121852494], [-105.43737620584952, 22.502273224082295], [-105.4418266087291, 22.538793339427738], [-105.47829392895453, 22.55343989237929], [-105.51029872149867, 22.531557867339497], [-105.50582853107164, 22.49503821801668], [-105.46937333174864, 22.480400121852494]]]}, "properties": {"h3_index": "864832a1fffffff", "conteo": 4}}, {"type": "Feature", "geometry": {"type": "Polygon", "coordinates": [[[-105.51029872149867, 22.531557867339497], [-105.47829392895453, 22.55343989237929], [-105.4827581045908, 22.589962339750848], [-105.51924687342931, 22.60460227370002], [-105.55125930126373, 22.582711328920528], [-105.54677532890017, 22.546189375789297], [-105.51029872149867, 22.531557867339497]]]}, "properties": {"h3_index": "864832ae7ffffff", "conteo": 3}}, {"type": "Feature", "geometry": {"type": "Polygon", "coordinates": [[[-106.00414911696949, 23.1450701134372], [-105.97205480272771, 23.16705896456514], [-105.97668561320675, 23.203602920306594], [-106.01343064444237, 23.218157196084572], [-106.0455322088777, 23.196159464289693], [-106.04088149619871, 23.159616343230024], [-106.00414911696949, 23.1450701134372]]]}, "properties": {"h3_index": "864833017ffffff", "conteo": 6}}, {"type": "Feature", "geometry": {"type": "Polygon", "coordinates": [[[-106.2379314720033, 23.06402892409617], [-106.20589001986498, 23.08606770704979], [-106.21058633308101, 23.122606780851267], [-106.24734393588435, 23.137106056320572], [-106.27939241065702, 23.11505831150855], [-106.27467626445195, 23.07852025891736], [-106.2379314720033, 23.06402892409617]]]}, "properties": {"h3_index": "864833147ffffff", "conteo": 691}}, {"type": "Feature", "geometry": {"type": "Polygon", "coordinates": [[[-106.54331200136161, 23.530728466350656], [-106.51119642731334, 23.552832957371084], [-106.5159995709759, 23.58938123120269], [-106.55293821230299, 23.603823795167926], [-106.58506057239092, 23.581710394853804], [-106.58023750982291, 23.545163345690817], [-106.54331200136161, 23.530728466350656]]]}, "properties": {"h3_index": "864833267ffffff", "conteo": 16}}, {"type": "Feature", "geometry": {"type": "Polygon", "coordinates": [[[-106.22555381058098, 23.510099188172592], [-106.19339774988124, 23.532135170798895], [-106.19810694354668, 23.56868711071822], [-106.23499217776525, 23.583202093063726], [-106.26715532231034, 23.56115727376165], [-106.26242615329058, 23.52460631463186], [-106.22555381058098, 23.510099188172592]]]}, "properties": {"h3_index": "8648332a7ffffff", "conteo": 3}}, {"type": "Feature", "geometry": {"type": "Polygon", "coordinates": [[[-104.49770954595571, 21.25174999757497], [-104.46590553478244, 21.273408103554306], [-104.47003067231617, 21.309847573371474], [-104.50597937442816, 21.32462914552005], [-104.53779177124085, 21.30296205134066], [-104.53364708346794, 21.266522379082787], [-104.49770954595571, 21.25174999757497]]]}, "properties": {"h3_index": "864836587ffffff", "conteo": 30}}, {"type": "Feature", "geometry": {"type": "Polygon", "coordinates": [[[-117.03062924264998, 32.27998672018779], [-116.99877616369892, 32.30411933416145], [-117.00703721771005, 32.33914850285175], [-117.04716989589197, 32.35003746832235], [-117.07901908259451, 32.32589722532223], [-117.07073949606144, 32.29087565025607], [-117.03062924264998, 32.27998672018779]]]}, "properties": {"h3_index": "86484a6dfffffff", "conteo": 1270}}, {"type": "Feature", "geometry": {"type": "Polygon", "coordinates": [[[-117.00585396515521, 32.1748550222599], [-116.97402154805135, 32.19898733890804], [-116.98226833263847, 32.23403872613253], [-117.02236606027135, 32.24495020492201], [-117.05419461918846, 32.220810232027], [-117.0459293213116, 32.18576644096307], [-117.00585396515521, 32.1748550222599]]]}, "properties": {"h3_index": "86484a6f7ffffff", "conteo": 10}}, {"type": "Feature", "geometry": {"type": "Polygon", "coordinates": [[[-112.107081911436, 30.388102003446665], [-112.07427379269657, 30.411267672369956], [-112.0810267849549, 30.44714634169832], [-112.12060833356483, 30.459854604344653], [-112.15341800446787, 30.436680914503352], [-112.14664458411275, 30.40080698836061], [-112.107081911436, 30.388102003446665]]]}, "properties": {"h3_index": "86485352fffffff", "conteo": 24}}, {"type": "Feature", "geometry": {"type": "Polygon", "coordinates": [[[-116.35724613868128, 32.29227956167566], [-116.32516194752901, 32.31627443118206], [-116.33324002028459, 32.351392208392575], [-116.37342122696363, 32.362507920740164], [-116.40550226179607, 32.33850539425445], [-116.39740525866658, 32.30339481697183], [-116.35724613868128, 32.29227956167566]]]}, "properties": {"h3_index": "864859a9fffffff", "conteo": 6}}, {"type": "Feature", "geometry": {"type": "Polygon", "coordinates": [[[-115.27106664266464, 32.31634119174471], [-115.2386240164599, 32.34010503552912], [-115.24640192939538, 32.37535510571965], [-115.28664202733064, 32.38683479017635], [-115.31908269773704, 32.36306327084885], [-115.31128523787355, 32.3278197474758], [-115.27106664266464, 32.31634119174471]]]}, "properties": {"h3_index": "86485b96fffffff", "conteo": 101}}, {"type": "Feature", "geometry": {"type": "Polygon", "coordinates": [[[-116.35597571786658, 31.46833419848126], [-116.32411924904964, 31.492364958669913], [-116.33213958326729, 31.527623841485077], [-116.37203506129384, 31.53884464461408], [-116.4038884199591, 31.51480602328759], [-116.39584942288361, 31.47955446445411], [-116.35597571786658, 31.46833419848126]]]}, "properties": {"h3_index": "86485d21fffffff", "conteo": 59}}, {"type": "Feature", "geometry": {"type": "Polygon", "coordinates": [[[-113.3349980977824, 31.143661825628545], [-113.3023090747833, 31.16706493728275], [-113.30946157922412, 31.20272193144226], [-113.34932325028915, 31.214970342477866], [-113.3820124846756, 31.191559313005484], [-113.37483984706218, 31.155907795544337], [-113.3349980977824, 31.143661825628545]]]}, "properties": {"h3_index": "86485e55fffffff", "conteo": 6}}, {"type": "Feature", "geometry": {"type": "Polygon", "coordinates": [[[-100.34250665435734, 28.37637795833192], [-100.30852275275967, 28.396639307740767], [-100.31159387549413, 28.43295331696629], [-100.34867107798154, 28.449009696571025], [-100.38266828661742, 28.42874265543479], [-100.37957498627534, 28.39242493223177], [-100.34250665435734, 28.37637795833192]]]}, "properties": {"h3_index": "864880247ffffff", "conteo": 147}}, {"type": "Feature", "geometry": {"type": "Polygon", "coordinates": [[[-100.50606323759831, 28.202218287099736], [-100.47213459204113, 28.22254562106373], [-100.47525252079238, 28.25888037338831], [-100.51232121138789, 28.27489138903165], [-100.54626298077753, 28.254558258685748], [-100.54312293640977, 28.21821991489947], [-100.50606323759831, 28.202218287099736]]]}, "properties": {"h3_index": "864881d9fffffff", "conteo": 10}}, {"type": "Feature", "geometry": {"type": "Polygon", "coordinates": [[[-100.13061173727426, 26.250490171314322], [-100.09720937847877, 26.27090345355526], [-100.10016213425725, 26.307319023118183], [-100.13653866096205, 26.323325149594364], [-100.16995405024944, 26.302905709638914], [-100.16697988270542, 26.26648630660365], [-100.13061173727426, 26.250490171314322]]]}, "properties": {"h3_index": "864884987ffffff", "conteo": 10}}, {"type": "Feature", "geometry": {"type": "Polygon", "coordinates": [[[-101.15656874821016, 27.501972977277195], [-101.12286494558595, 27.52255440687535], [-101.1261673875943, 27.55896330948303], [-101.16319549292041, 27.574793883957877], [-101.19691169175228, 27.554206241990084], [-101.19358739020052, 27.51779424377466], [-101.15656874821016, 27.501972977277195]]]}, "properties": {"h3_index": "86488500fffffff", "conteo": 8}}, {"type": "Feature", "geometry": {"type": "Polygon", "coordinates": [[[-99.29810105997508, 27.286409517853333], [-99.26439496014667, 27.306490874551482], [-99.26711371108794, 27.3428171439623], [-99.30356030635771, 27.35906653592381], [-99.33728036715644, 27.338979617123606], [-99.33453987147122, 27.302648874069053], [-99.29810105997508, 27.286409517853333]]]}, "properties": {"h3_index": "864886af7ffffff", "conteo": 771}}, {"type": "Feature", "geometry": {"type": "Polygon", "coordinates": [[[-100.59119974091077, 29.182374872194735], [-100.55699642198975, 29.202615083647068], [-100.56016670931068, 29.2388716404405], [-100.59756279671612, 29.25489152666452], [-100.63177937859834, 29.234645725641048], [-100.62858661086803, 29.198385633854844], [-100.59119974091077, 29.182374872194735]]]}, "properties": {"h3_index": "86488ed27ffffff", "conteo": 32}}, {"type": "Feature", "geometry": {"type": "Polygon", "coordinates": [[[-102.07364805053129, 25.23123981182131], [-102.04061371880927, 25.252240648826238], [-102.0441356367074, 25.288759831560903], [-102.08071292753718, 25.30428050610143], [-102.11375840405178, 25.283272534456373], [-102.11021544668979, 25.2467510287609], [-102.07364805053129, 25.23123981182131]]]}, "properties": {"h3_index": "8648a0a4fffffff", "conteo": 7}}, {"type": "Feature", "geometry": {"type": "Polygon", "coordinates": [[[-102.58309547417181, 25.411185216035598], [-102.55004957361433, 25.432305079321786], [-102.55373183518711, 25.468837502986325], [-102.59048107114788, 25.48425201054228], [-102.62353769281971, 25.463124889629885], [-102.6198343595371, 25.4265905246772], [-102.58309547417181, 25.411185216035598]]]}, "properties": {"h3_index": "8648a1817ffffff", "conteo": 6}}, {"type": "Feature", "geometry": {"type": "Polygon", "coordinates": [[[-100.24660530228735, 25.528860934957404], [-100.21340148453857, 25.549364808709434], [-100.21637263308955, 25.58580188995864], [-100.25256876495736, 25.601738826498767], [-100.28578536416141, 25.581228557281598], [-100.28279305048429, 25.544787752661737], [-100.24660530228735, 25.528860934957404]]]}, "properties": {"h3_index": "8648a2027ffffff", "conteo": 4}}, {"type": "Feature", "geometry": {"type": "Polygon", "coordinates": [[[-100.16836306093522, 25.424115137733843], [-100.1351848721548, 25.444606222456752], [-100.13812954160584, 25.48104037122092], [-100.1742735278545, 25.496987219506366], [-100.20746454208823, 25.476489740583215], [-100.20449874500493, 25.440051813233733], [-100.16836306093522, 25.424115137733843]]]}, "properties": {"h3_index": "8648a2117ffffff", "conteo": 83}}, {"type": "Feature", "geometry": {"type": "Polygon", "coordinates": [[[-100.26785841915394, 25.36257963397252], [-100.23469985473058, 25.38310182143394], [-100.23767353588673, 25.41954194169219], [-100.27382689068031, 25.435463581455412], [-100.30699818443216, 25.414934945404912], [-100.30400339451725, 25.37849112385029], [-100.26785841915394, 25.36257963397252]]]}, "properties": {"h3_index": "8648a2127ffffff", "conteo": 30}}, {"type": "Feature", "geometry": {"type": "Polygon", "coordinates": [[[-100.19857249117618, 25.36717532078768], [-100.16541048866857, 25.38767877120719], [-100.16836306093522, 25.424115137733843], [-100.20449874500493, 25.440051813233733], [-100.23767353588673, 25.41954194169219], [-100.23469985473058, 25.38310182143394], [-100.19857249117618, 25.36717532078768]]]}, "properties": {"h3_index": "8648a2137ffffff", "conteo": 610}}, {"type": "Feature", "geometry": {"type": "Polygon", "coordinates": [[[-100.34617716253214, 25.467286846614225], [-100.31299316159468, 25.48782193181343], [-100.31599335205281, 25.524265037097372], [-100.35219868985959, 25.540176708918626], [-100.3853953757183, 25.519635174004193], [-100.38237403936148, 25.483188422666906], [-100.34617716253214, 25.467286846614225]]]}, "properties": {"h3_index": "8648a2177ffffff", "conteo": 3}}, {"type": "Feature", "geometry": {"type": "Polygon", "coordinates": [[[-100.09906695802151, 25.428654541421587], [-100.06588547054237, 25.44912681723352], [-100.0688090124986, 25.485557135043152], [-100.10493516976432, 25.50151901364519], [-100.13812954160584, 25.48104037122092], [-100.1351848721548, 25.444606222456752], [-100.09906695802151, 25.428654541421587]]]}, "properties": {"h3_index": "8648a21a7ffffff", "conteo": 42}}, {"type": "Feature", "geometry": {"type": "Polygon", "coordinates": [[[-100.02978542533901, 25.433160161032298], [-99.99660073832786, 25.453613606058255], [-99.99950315311355, 25.49004004059413], [-100.03561138236711, 25.506016919018396], [-100.0688090124986, 25.485557135043152], [-100.06588547054237, 25.44912681723352], [-100.02978542533901, 25.433160161032298]]]}, "properties": {"h3_index": "8648a21b7ffffff", "conteo": 3}}, {"type": "Feature", "geometry": {"type": "Polygon", "coordinates": [[[-100.60523977239554, 25.229714522176465], [-100.57212873157916, 25.250335430364316], [-100.57520241607453, 25.286793990653983], [-100.61140821012621, 25.30263508957716], [-100.64453166877165, 25.282007570332986], [-100.64143691623045, 25.24554556892992], [-100.60523977239554, 25.229714522176465]]]}, "properties": {"h3_index": "8648a2867ffffff", "conteo": 207}}, {"type": "Feature", "geometry": {"type": "Polygon", "coordinates": [[[-100.12930083609848, 25.371737289869085], [-100.09613549458845, 25.39222198101272], [-100.09906695802151, 25.428654541421587], [-100.1351848721548, 25.444606222456752], [-100.16836306093522, 25.424115137733843], [-100.16541048866857, 25.38767877120719], [-100.12930083609848, 25.371737289869085]]]}, "properties": {"h3_index": "8648a2c4fffffff", "conteo": 77}}, {"type": "Feature", "geometry": {"type": "Polygon", "coordinates": [[[-100.02105960036033, 25.323873557908694], [-99.9879039464466, 25.34433310244096], [-99.99080113654846, 25.380760107255785], [-100.02687507049711, 25.396731459077714], [-100.06004365196009, 25.37626554922707], [-100.05712537220437, 25.339834658509066], [-100.02105960036033, 25.323873557908694]]]}, "properties": {"h3_index": "8648a2c57ffffff", "conteo": 48}}, {"type": "Feature", "geometry": {"type": "Polygon", "coordinates": [[[-100.06004365196009, 25.37626554922707], [-100.02687507049711, 25.396731459077714], [-100.02978542533901, 25.433160161032298], [-100.06588547054237, 25.44912681723352], [-100.09906695802151, 25.428654541421587], [-100.09613549458845, 25.39222198101272], [-100.06004365196009, 25.37626554922707]]]}, "properties": {"h3_index": "8648a2c5fffffff", "conteo": 10}}, {"type": "Feature", "geometry": {"type": "Polygon", "coordinates": [[[-100.08150453905252, 25.210057125855823], [-100.04838103233931, 25.2305413163782], [-100.05129406395329, 25.266972512344108], [-100.08735165520532, 25.282923359552875], [-100.12048801550806, 25.262432749635504], [-100.11755393129054, 25.22599771754547], [-100.08150453905252, 25.210057125855823]]]}, "properties": {"h3_index": "8648a2d5fffffff", "conteo": 11}}, {"type": "Feature", "geometry": {"type": "Polygon", "coordinates": [[[-101.2783248242785, 26.50352207814613], [-101.24490137561462, 26.524224868317695], [-101.24821459048529, 26.56068593626178], [-101.28497275860387, 26.576447197097437], [-101.31840829519962, 26.555737891386944], [-101.31507357695715, 26.519273846204957], [-101.2783248242785, 26.50352207814613]]]}, "properties": {"h3_index": "8648a30cfffffff", "conteo": 33}}, {"type": "Feature", "geometry": {"type": "Polygon", "coordinates": [[[-104.53444403782875, 27.01178582098255], [-104.50115396626957, 27.033305366948778], [-104.50548322495601, 27.06981433164706], [-104.54312397924295, 27.08480428208122], [-104.57642320510828, 27.0632772977331], [-104.5720725260399, 27.026767807343386], [-104.53444403782875, 27.01178582098255]]]}, "properties": {"h3_index": "8648ad117ffffff", "conteo": 3}}, {"type": "Feature", "geometry": {"type": "Polygon", "coordinates": [[[-105.08486440836819, 27.403148038664426], [-105.05153377281177, 27.424782883526724], [-105.05604520068525, 27.461269425363344], [-105.09390874163726, 27.47612125566794], [-105.12724805120209, 27.45447891919312], [-105.1227151499105, 27.41799225005191], [-105.08486440836819, 27.403148038664426]]]}, "properties": {"h3_index": "8648ad367ffffff", "conteo": 7}}, {"type": "Feature", "geometry": {"type": "Polygon", "coordinates": [[[-98.02784013139886, 25.549177943804377], [-97.99460558495034, 25.56907675594835], [-97.996896285349, 25.60536806464531], [-98.03244256850277, 25.621765942405982], [-98.06569169241277, 25.60186162398743], [-98.0633799545838, 25.565564939397095], [-98.02784013139886, 25.549177943804377]]]}, "properties": {"h3_index": "8648b00cfffffff", "conteo": 11}}, {"type": "Feature", "geometry": {"type": "Polygon", "coordinates": [[[-97.4656296067924, 25.358728601530636], [-97.43245477412553, 25.378489578371486], [-97.4345697565025, 25.414736773388718], [-97.469880480196, 25.431228778756385], [-97.50307027255401, 25.41146248037476], [-97.50093438002389, 25.375209503362154], [-97.4656296067924, 25.358728601530636]]]}, "properties": {"h3_index": "8648b0417ffffff", "conteo": 44}}, {"type": "Feature", "geometry": {"type": "Polygon", "coordinates": [[[-99.00861923630094, 26.207673540394403], [-98.97520604912457, 26.227781976216438], [-98.97781164433817, 26.264131643566756], [-99.0138517726986, 26.28037754920258], [-99.04727891299017, 26.260263383468722], [-99.04465197136074, 26.223909047523417], [-99.00861923630094, 26.207673540394403]]]}, "properties": {"h3_index": "8648b10c7ffffff", "conteo": 24}}, {"type": "Feature", "geometry": {"type": "Polygon", "coordinates": [[[-99.07806339788876, 26.20378097688178], [-99.04465197136074, 26.223909047523417], [-99.04727891299017, 26.260263383468722], [-99.08333863028082, 26.276494271343264], [-99.11676395251129, 26.256360441906974], [-99.1141156613531, 26.220001488914633], [-99.07806339788876, 26.20378097688178]]]}, "properties": {"h3_index": "8648b10efffffff", "conteo": 16}}, {"type": "Feature", "geometry": {"type": "Polygon", "coordinates": [[[-99.15550454276878, 26.30893628855956], [-99.12206534451133, 26.32907587822948], [-99.12471844824303, 26.365432302590754], [-99.16083214085326, 26.381653704852216], [-99.19428519534071, 26.36150835349396], [-99.19161070064709, 26.32514736710295], [-99.15550454276878, 26.30893628855956]]]}, "properties": {"h3_index": "8648b1387ffffff", "conteo": 6}}, {"type": "Feature", "geometry": {"type": "Polygon", "coordinates": [[[-98.48469052101214, 26.181290834497947], [-98.4512821780067, 26.20125581788972], [-98.45372557467427, 26.23756998322306], [-98.48959861136063, 26.253924225426573], [-98.52302132278723, 26.233953717816938], [-98.52055662828776, 26.197634497642653], [-98.48469052101214, 26.181290834497947]]]}, "properties": {"h3_index": "8648b14f7ffffff", "conteo": 4}}, {"type": "Feature", "geometry": {"type": "Polygon", "coordinates": [[[-99.37850032018153, 26.022128893558065], [-99.34514232996648, 26.042356603609452], [-99.34785797032904, 26.078734621846433], [-99.38395290444065, 26.094889324872156], [-99.41732450374147, 26.074655687938748], [-99.41458755966609, 26.038273280426715], [-99.37850032018153, 26.022128893558065]]]}, "properties": {"h3_index": "8648b1aa7ffffff", "conteo": 3}}, {"type": "Feature", "geometry": {"type": "Polygon", "coordinates": [[[-97.26651131322843, 25.477127066812734], [-97.23330891075894, 25.496820950577142], [-97.23536491008707, 25.533050283934475], [-97.27064423589736, 25.549591668391912], [-97.30386177590464, 25.529892580825237], [-97.30178485092048, 25.493657317760807], [-97.26651131322843, 25.477127066812734]]]}, "properties": {"h3_index": "8648b286fffffff", "conteo": 968}}, {"type": "Feature", "geometry": {"type": "Polygon", "coordinates": [[[-98.16261067275474, 26.033919755277747], [-98.12924362270148, 26.05380917055138], [-98.13158486179503, 26.09010299010061], [-98.16731436741688, 26.106512688111852], [-98.20069600527319, 26.086617842070655], [-98.19833354866202, 26.05031873414193], [-98.16261067275474, 26.033919755277747]]]}, "properties": {"h3_index": "8648b3957ffffff", "conteo": 850}}, {"type": "Feature", "geometry": {"type": "Polygon", "coordinates": [[[-98.09577985993363, 24.452986020939665], [-98.06283804156654, 24.47299926927701], [-98.06512926943851, 24.509294457883183], [-98.10038298892391, 24.52558169351183], [-98.13333907693062, 24.505562607141567], [-98.13102717476386, 24.469262128475314], [-98.09577985993363, 24.452986020939665]]]}, "properties": {"h3_index": "8648b4777ffffff", "conteo": 28}}, {"type": "Feature", "geometry": {"type": "Polygon", "coordinates": [[[-98.54427229006254, 23.990088531564087], [-98.51145056989192, 24.010256049706555], [-98.51386928253424, 24.046577111003238], [-98.54913027572634, 24.062735597390212], [-98.58196581827771, 24.04256192741606], [-98.57952654452014, 24.006235928260956], [-98.54427229006254, 23.990088531564087]]]}, "properties": {"h3_index": "8648b4ba7ffffff", "conteo": 7}}, {"type": "Feature", "geometry": {"type": "Polygon", "coordinates": [[[-99.4818438302374, 25.083692065921035], [-99.44874014905635, 25.104026402222523], [-99.4514668976916, 25.140422812112906], [-99.48731831480961, 25.156489173483966], [-99.5204353159428, 25.136148614983558], [-99.51768757990357, 25.0997479228629], [-99.4818438302374, 25.083692065921035]]]}, "properties": {"h3_index": "8648b5307ffffff", "conteo": 13}}, {"type": "Feature", "geometry": {"type": "Polygon", "coordinates": [[[-99.12263769468792, 25.379541453180387], [-99.08944966449758, 25.39975530199996], [-99.09207280501053, 25.436127054421693], [-99.12790504365049, 25.452289524525007], [-99.16110674884911, 25.432069676395056], [-99.15846254004313, 25.395693362975894], [-99.12263769468792, 25.379541453180387]]]}, "properties": {"h3_index": "8648b5647ffffff", "conteo": 11}}, {"type": "Feature", "geometry": {"type": "Polygon", "coordinates": [[[-99.33405793394343, 24.489645629927153], [-99.30110978226158, 24.509985081819067], [-99.30377858982136, 24.546369557635245], [-99.33941632903586, 24.562418956574795], [-99.37237779246058, 24.542073176642035], [-99.36968820472492, 24.50568433132572], [-99.33405793394343, 24.489645629927153]]]}, "properties": {"h3_index": "8648b5817ffffff", "conteo": 10}}, {"type": "Feature", "geometry": {"type": "Polygon", "coordinates": [[[-107.5578063348597, 31.017724782277195], [-107.52383428618589, 31.03971882934211], [-107.52925417427352, 31.075784162017268], [-107.5686683736406, 31.089853940693587], [-107.60264699817633, 31.06785268815507], [-107.59720485393352, 31.031788868550237], [-107.5578063348597, 31.017724782277195]]]}, "properties": {"h3_index": "8648c4d77ffffff", "conteo": 10}}, {"type": "Feature", "geometry": {"type": "Polygon", "coordinates": [[[-109.39957932493671, 30.19809052044674], [-109.36619445163626, 30.220623673566838], [-109.3721361336063, 30.256716921404006], [-109.41148409280969, 30.270274142118076], [-109.44487346616249, 30.24773325422035], [-109.43891038792489, 30.211642886257696], [-109.39957932493671, 30.19809052044674]]]}, "properties": {"h3_index": "8648e020fffffff", "conteo": 4}}, {"type": "Feature", "geometry": {"type": "Polygon", "coordinates": [[[-110.20009701633178, 30.53872359300508], [-110.16678903828752, 30.561429767582702], [-110.17298803480085, 30.597430074455488], [-110.21251625663206, 30.61072079630239], [-110.2458278848709, 30.58800685039938], [-110.2396076493782, 30.552009959756496], [-110.20009701633178, 30.53872359300508]]]}, "properties": {"h3_index": "8648e10e7ffffff", "conteo": 3}}, {"type": "Feature", "geometry": {"type": "Polygon", "coordinates": [[[-110.43473145765914, 30.176610694739512], [-110.4015777627906, 30.199397121934343], [-110.4078276470255, 30.235430234925264], [-110.44725225810878, 30.248673315292365], [-110.4804093252716, 30.22587899716472], [-110.47413841743514, 30.189849495318448], [-110.43473145765914, 30.176610694739512]]]}, "properties": {"h3_index": "8648e18efffffff", "conteo": 3}}, {"type": "Feature", "geometry": {"type": "Polygon", "coordinates": [[[-110.51811390302844, 30.441948229946657], [-110.48490498234675, 30.464737902179497], [-110.4911936425338, 30.500730388412368], [-110.53071231857805, 30.513929561887004], [-110.5639245353394, 30.49113205263324], [-110.55761478846826, 30.455143212648885], [-110.51811390302844, 30.441948229946657]]]}, "properties": {"h3_index": "8648e1a87ffffff", "conteo": 6}}, {"type": "Feature", "geometry": {"type": "Polygon", "coordinates": [[[-110.57187193963111, 30.324335097778267], [-110.53870826914226, 30.347145179471834], [-110.5450066586273, 30.38314974748568], [-110.58448975178564, 30.396340545522058], [-110.61765665305437, 30.373522591262063], [-110.6113372388874, 30.337521717236964], [-110.57187193963111, 30.324335097778267]]]}, "properties": {"h3_index": "8648e1b8fffffff", "conteo": 9}}, {"type": "Feature", "geometry": {"type": "Polygon", "coordinates": [[[-107.54580667186984, 30.19295797847878], [-107.51206861314189, 30.215021617806865], [-107.51744722073204, 30.251198785750386], [-107.55658584442337, 30.265310769433434], [-107.59033040078732, 30.243239735432006], [-107.58492984213177, 30.207064118495957], [-107.54580667186984, 30.19295797847878]]]}, "properties": {"h3_index": "8648e2ccfffffff", "conteo": 42}}, {"type": "Feature", "geometry": {"type": "Polygon", "coordinates": [[[-109.29597243679922, 31.148306912642905], [-109.26229635761901, 31.170741560242423], [-109.26825452802143, 31.20670874649708], [-109.30791056357177, 31.220238555386057], [-109.34159132997338, 31.19779641437022], [-109.3356113813805, 31.161831963841884], [-109.29597243679922, 31.148306912642905]]]}, "properties": {"h3_index": "8648e3307ffffff", "conteo": 44}}, {"type": "Feature", "geometry": {"type": "Polygon", "coordinates": [[[-109.1331951690738, 29.01324957766192], [-109.10008493155051, 29.035791713657236], [-109.10588873998383, 29.072035730470347], [-109.14482385593458, 29.085734837894282], [-109.17793878858073, 29.06318471744866], [-109.17211391741014, 29.026943479850416], [-109.1331951690738, 29.01324957766192]]]}, "properties": {"h3_index": "8648e474fffffff", "conteo": 3}}, {"type": "Feature", "geometry": {"type": "Polygon", "coordinates": [[[-110.19516459769513, 29.211315877896396], [-110.16222424143255, 29.234099534392612], [-110.16835324922745, 29.270262490668475], [-110.20744339440492, 29.28363827103823], [-110.24038732584873, 29.260846515090428], [-110.23423754495228, 29.224687083905696], [-110.19516459769513, 29.211315877896396]]]}, "properties": {"h3_index": "8648e5037ffffff", "conteo": 3}}, {"type": "Feature", "geometry": {"type": "Polygon", "coordinates": [[[-110.5628438003523, 28.996284878784316], [-110.53004453415171, 29.01916400794206], [-110.53627076596597, 29.055325946360707], [-110.57531683811659, 29.06860495625243], [-110.60811927381418, 29.045717622455037], [-110.60187247608195, 29.009559489011085], [-110.5628438003523, 28.996284878784316]]]}, "properties": {"h3_index": "8648e585fffffff", "conteo": 481}}, {"type": "Feature", "geometry": {"type": "Polygon", "coordinates": [[[-108.07943830565732, 29.08305185705416], [-108.04610654573916, 29.105332494387486], [-108.05159715454442, 29.141616795949606], [-108.09044093275864, 29.155618457921232], [-108.12377850960992, 29.133330047163824], [-108.11826649783649, 29.0970477538068], [-108.07943830565732, 29.08305185705416]]]}, "properties": {"h3_index": "8648e6147ffffff", "conteo": 15}}, {"type": "Feature", "geometry": {"type": "Polygon", "coordinates": [[[-111.21608938882872, 31.010426132725645], [-111.18288484864904, 31.033345854848747], [-111.18941139526916, 31.06920784729994], [-111.22916350894869, 31.082146047515693], [-111.26237060456239, 31.059218542557975], [-111.25582304015053, 31.02336062586913], [-111.21608938882872, 31.010426132725645]]]}, "properties": {"h3_index": "8648ec18fffffff", "conteo": 3}}, {"type": "Feature", "geometry": {"type": "Polygon", "coordinates": [[[-112.50445127170956, 31.488900175791656], [-112.47143877952574, 31.512092735051557], [-112.47837154398931, 31.54777421634864], [-112.51833744857419, 31.560258251200118], [-112.55135107872022, 31.53705790752086], [-112.54439767635775, 31.501381318850946], [-112.50445127170956, 31.488900175791656]]]}, "properties": {"h3_index": "8648ed107ffffff", "conteo": 17}}, {"type": "Feature", "geometry": {"type": "Polygon", "coordinates": [[[-110.5319090572333, 31.157284835791234], [-110.49850124057093, 31.180028045925773], [-110.50483224238126, 31.215917500689915], [-110.54459240836044, 31.229060157497877], [-110.57800354600327, 31.206309279415365], [-110.57165120534341, 31.1704234182524], [-110.5319090572333, 31.157284835791234]]]}, "properties": {"h3_index": "8648ee94fffffff", "conteo": 163}}, {"type": "Feature", "geometry": {"type": "Polygon", "coordinates": [[[-106.3108305387406, 31.420550813303358], [-106.27653623913534, 31.442166480879234], [-106.28158659491021, 31.478208758186916], [-106.32095397463658, 31.492634773289446], [-106.35525624586744, 31.47101226641884], [-106.35018317127891, 31.434970589990687], [-106.3108305387406, 31.420550813303358]]]}, "properties": {"h3_index": "8648f16d7ffffff", "conteo": 139}}, {"type": "Feature", "geometry": {"type": "Polygon", "coordinates": [[[-106.06001985577177, 31.225551733799122], [-106.02574484114982, 31.24711897902228], [-106.03070839675696, 31.283195589887224], [-106.06996967035406, 31.297704533533874], [-106.10425289812206, 31.27613046645212], [-106.09926664445142, 31.240054283828407], [-106.06001985577177, 31.225551733799122]]]}, "properties": {"h3_index": "8648f3b47ffffff", "conteo": 3}}, {"type": "Feature", "geometry": {"type": "Polygon", "coordinates": [[[-107.2886158570465, 29.44792784571855], [-107.25504376331749, 29.469983831684498], [-107.26031055507809, 29.506257204782983], [-107.29917119163527, 29.520473190920995], [-107.33274997344287, 29.49840968546395], [-107.32746143661461, 29.46213771940338], [-107.2886158570465, 29.44792784571855]]]}, "properties": {"h3_index": "8648f5b2fffffff", "conteo": 3}}, {"type": "Feature", "geometry": {"type": "Polygon", "coordinates": [[[-104.26440544188868, 29.30023640945298], [-104.23045093812922, 29.32150360294377], [-104.23477832842062, 29.357835022886224], [-104.27308250822915, 29.372900075320093], [-104.30704678873488, 29.351626096979793], [-104.30269711634672, 29.315293857191573], [-104.26440544188868, 29.30023640945298]]]}, "properties": {"h3_index": "8648f6c4fffffff", "conteo": 4}}, {"type": "Feature", "geometry": {"type": "Polygon", "coordinates": [[[-101.33864749968934, 20.225787182362645], [-101.30685220204884, 20.246765062590857], [-101.31002244173162, 20.283019864084817], [-101.3450074418525, 20.298299363009477], [-101.37681363214318, 20.277313219916945], [-101.37362393074491, 20.241055846511404], [-101.33864749968934, 20.225787182362645]]]}, "properties": {"h3_index": "864980247ffffff", "conteo": 4}}, {"type": "Feature", "geometry": {"type": "Polygon", "coordinates": [[[-101.36725003178292, 20.168552792997495], [-101.3354702727248, 20.18953693114385], [-101.33864749968934, 20.225787182362645], [-101.37362393074491, 20.241055846511404], [-101.4054145498917, 20.22006341984113], [-101.40221787899311, 20.18381062329653], [-101.36725003178292, 20.168552792997495]]]}, "properties": {"h3_index": "864980267ffffff", "conteo": 3}}, {"type": "Feature", "geometry": {"type": "Polygon", "coordinates": [[[-101.21456984335595, 20.345913442618215], [-101.18273894995501, 20.366863887288194], [-101.18587567452347, 20.403124877470916], [-101.22086279331747, 20.418438105531845], [-101.2527046989928, 20.39747947435202], [-101.24954847460572, 20.361215807355844], [-101.21456984335595, 20.345913442618215]]]}, "properties": {"h3_index": "8649802cfffffff", "conteo": 54}}, {"type": "Feature", "geometry": {"type": "Polygon", "coordinates": [[[-101.10971094685499, 20.299980155127788], [-101.07788670729425, 20.320907726949738], [-101.0809914925602, 20.35715889465171], [-101.1159400051997, 20.37248524984137], [-101.14777533266417, 20.351549515635586], [-101.14465106052346, 20.31529559434934], [-101.10971094685499, 20.299980155127788]]]}, "properties": {"h3_index": "8649802d7ffffff", "conteo": 6}}, {"type": "Feature", "geometry": {"type": "Polygon", "coordinates": [[[-101.3196115167947, 20.008345214359505], [-101.2878690179469, 20.02931890016929], [-101.29102833567299, 20.06554994493062], [-101.3259495496055, 20.08080987850122], [-101.35770291949956, 20.05982787671751], [-101.35452420547944, 20.02359426308543], [-101.3196115167947, 20.008345214359505]]]}, "properties": {"h3_index": "864980377ffffff", "conteo": 9}}, {"type": "Feature", "geometry": {"type": "Polygon", "coordinates": [[[-101.11972152414023, 20.02540499492411], [-101.0879656388507, 20.04633533895258], [-101.09106675256339, 20.08255836758425], [-101.12594315620437, 20.097853781511635], [-101.15771007419617, 20.076915195945105], [-101.15458955678316, 20.040689443718996], [-101.11972152414023, 20.02540499492411]]]}, "properties": {"h3_index": "8649803afffffff", "conteo": 10}}, {"type": "Feature", "geometry": {"type": "Polygon", "coordinates": [[[-100.6049185438118, 20.28699695520756], [-100.57307759783878, 20.307812964004125], [-100.57603361657164, 20.344036068787933], [-100.61085006435283, 20.359446309283726], [-100.64270249393148, 20.33862231436404], [-100.63972699274026, 20.302396070744955], [-100.6049185438118, 20.28699695520756]]]}, "properties": {"h3_index": "86498068fffffff", "conteo": 21}}, {"type": "Feature", "geometry": {"type": "Polygon", "coordinates": [[[-101.1303192765663, 19.368417523546118], [-101.09872539589259, 19.38934755169579], [-101.10181386915107, 19.425495891364942], [-101.13651543068802, 19.44071686866614], [-101.16812022379044, 19.419778415524647], [-101.16501254385796, 19.383627415814782], [-101.1303192765663, 19.368417523546118]]]}, "properties": {"h3_index": "864980807ffffff", "conteo": 235}}, {"type": "Feature", "geometry": {"type": "Polygon", "coordinates": [[[-101.10181386915107, 19.425495891364942], [-101.07020476568928, 19.44642031230706], [-101.07328627840752, 19.482574104321184], [-101.10799611939201, 19.49780616790945], [-101.13961616729651, 19.476873347459186], [-101.13651543068802, 19.44071686866614], [-101.10181386915107, 19.425495891364942]]]}, "properties": {"h3_index": "86498081fffffff", "conteo": 7}}, {"type": "Feature", "geometry": {"type": "Polygon", "coordinates": [[[-101.31021321158339, 19.516762998663552], [-101.27859115980799, 19.537732352016388], [-101.2817357315051, 19.57390746940509], [-101.3165216049659, 19.589115774210434], [-101.34815445256287, 19.568137973804284], [-101.34499063192402, 19.53196032140082], [-101.31021321158339, 19.516762998663552]]]}, "properties": {"h3_index": "86498084fffffff", "conteo": 3}}, {"type": "Feature", "geometry": {"type": "Polygon", "coordinates": [[[-101.33866842010593, 19.459618380728926], [-101.30706172194581, 19.480593285372407], [-101.31021321158339, 19.516762998663552], [-101.34499063192402, 19.53196032140082], [-101.37660809387077, 19.51097694433219], [-101.3734373727532, 19.474804722709575], [-101.33866842010593, 19.459618380728926]]]}, "properties": {"h3_index": "86498086fffffff", "conteo": 25}}, {"type": "Feature", "geometry": {"type": "Polygon", "coordinates": [[[-101.18726358851762, 19.254260948027937], [-101.155700157913, 19.275201954429154], [-101.15880251242328, 19.31133915705904], [-101.19348747072621, 19.32653796559928], [-101.22506174987727, 19.305588483386515], [-101.22194022314265, 19.269448674193356], [-101.18726358851762, 19.254260948027937]]]}, "properties": {"h3_index": "86498090fffffff", "conteo": 3}}, {"type": "Feature", "geometry": {"type": "Polygon", "coordinates": [[[-101.35761093740882, 19.2940115021206], [-101.32604567141277, 19.314988748757635], [-101.32919865304171, 19.351139304872454], [-101.36393608363277, 19.366315099701463], [-101.39551207089461, 19.345329329166002], [-101.39233990737029, 19.309176293462553], [-101.35761093740882, 19.2940115021206]]]}, "properties": {"h3_index": "86498096fffffff", "conteo": 15}}, {"type": "Feature", "geometry": {"type": "Polygon", "coordinates": [[[-101.4810217576521, 19.556522224651175], [-101.44939828346484, 19.57752809224973], [-101.45259371490394, 19.61371606692364], [-101.48743187960311, 19.628900587140798], [-101.51906602086147, 19.607886224505556], [-101.51585133150418, 19.571695842458453], [-101.4810217576521, 19.556522224651175]]]}, "properties": {"h3_index": "864980b2fffffff", "conteo": 3}}, {"type": "Feature", "geometry": {"type": "Polygon", "coordinates": [[[-100.50555637861865, 19.47581045611543], [-100.4739123705875, 19.496607323611872], [-100.47682079350334, 19.532734635273503], [-100.51139246197049, 19.548068231301674], [-100.54304788615133, 19.527263189390986], [-100.54012022625888, 19.49113273154134], [-100.50555637861865, 19.47581045611543]]]}, "properties": {"h3_index": "864980c87ffffff", "conteo": 3}}, {"type": "Feature", "geometry": {"type": "Polygon", "coordinates": [[[-100.53426993440553, 19.4188854055016], [-100.50264084314692, 19.439688355607363], [-100.50555637861865, 19.47581045611543], [-100.54012022625888, 19.49113273154134], [-100.5717607015091, 19.47032158107004], [-100.56882594568818, 19.434196361217605], [-100.53426993440553, 19.4188854055016]]]}, "properties": {"h3_index": "864980ca7ffffff", "conteo": 8}}, {"type": "Feature", "geometry": {"type": "Polygon", "coordinates": [[[-102.25137964061584, 20.969576734202427], [-102.21945173642946, 20.990752726948006], [-102.22290954642656, 21.027115861996045], [-102.25831492184106, 21.042304936038832], [-102.29025309676177, 21.021120574619797], [-102.28677562722675, 20.98475551364158], [-102.25137964061584, 20.969576734202427]]]}, "properties": {"h3_index": "8649812efffffff", "conteo": 9}}, {"type": "Feature", "geometry": {"type": "Polygon", "coordinates": [[[-101.26218429520793, 20.506292993016658], [-101.23031583282614, 20.527253209218685], [-101.23347048275586, 20.563532290957294], [-101.26851314413042, 20.578853815200965], [-101.30039260820291, 20.557885440092], [-101.29721841025041, 20.521603705383765], [-101.26218429520793, 20.506292993016658]]]}, "properties": {"h3_index": "8649814b7ffffff", "conteo": 3}}, {"type": "Feature", "geometry": {"type": "Polygon", "coordinates": [[[-101.5401598700272, 20.976531457611774], [-101.50818818262553, 20.997550032733262], [-101.51143647626331, 21.033884915003668], [-101.54667614545164, 21.04920370327874], [-101.57865869012002, 21.028177002565727], [-101.57539070956524, 20.9918396449274], [-101.5401598700272, 20.976531457611774]]]}, "properties": {"h3_index": "86498169fffffff", "conteo": 3}}, {"type": "Feature", "geometry": {"type": "Polygon", "coordinates": [[[-102.27422737410708, 20.14324409030363], [-102.24250559389783, 20.164422927574606], [-102.2459479799421, 20.200709014504376], [-102.28113155508814, 20.215818114500163], [-102.31286345603806, 20.194630674945387], [-102.30940166277654, 20.15834274349597], [-102.27422737410708, 20.14324409030363]]]}, "properties": {"h3_index": "864981847ffffff", "conteo": 3}}, {"type": "Feature", "geometry": {"type": "Polygon", "coordinates": [[[-102.00674476217874, 20.167357126184577], [-101.97500021507386, 20.188479149094324], [-101.9783649244761, 20.224757336804082], [-102.01349360849375, 20.239915560327916], [-102.04524849902937, 20.218785030596983], [-102.04186436362244, 20.18250478996354], [-102.00674476217874, 20.167357126184577]]]}, "properties": {"h3_index": "86498188fffffff", "conteo": 55}}, {"type": "Feature", "geometry": {"type": "Polygon", "coordinates": [[[-102.14047010319253, 20.155353468859573], [-102.10873676342867, 20.176503960475927], [-102.11214032038478, 20.212786201971785], [-102.14729663562804, 20.227919906434508], [-102.17904020768523, 20.206760860111352], [-102.17561723379639, 20.170476669841303], [-102.14047010319253, 20.155353468859573]]]}, "properties": {"h3_index": "8649818e7ffffff", "conteo": 3}}, {"type": "Feature", "geometry": {"type": "Polygon", "coordinates": [[[-102.4394964468667, 20.457764192596834], [-102.4077081389317, 20.478980324943848], [-102.41120739016053, 20.515303784774446], [-102.44651444503855, 20.530412859514417], [-102.47831278660682, 20.509188156264937], [-102.47479404145743, 20.472862955002014], [-102.4394964468667, 20.457764192596834]]]}, "properties": {"h3_index": "864981a0fffffff", "conteo": 19}}, {"type": "Feature", "geometry": {"type": "Polygon", "coordinates": [[[-102.32326077439124, 20.303517538192906], [-102.29150271145886, 20.324707950003578], [-102.29496373963605, 20.361012125922965], [-102.33020228567801, 20.376127715136178], [-102.36197045418868, 20.35492872852658], [-102.35848997279201, 20.318622733321433], [-102.32326077439124, 20.303517538192906]]]}, "properties": {"h3_index": "864981bafffffff", "conteo": 3}}, {"type": "Feature", "geometry": {"type": "Polygon", "coordinates": [[[-102.21764583926968, 20.258173202875952], [-102.18589205834587, 20.279340802704024], [-102.18932093846274, 20.315636497229765], [-102.22452304569428, 20.330766495066424], [-102.2562870119523, 20.309590342952763], [-102.25283868728822, 20.273292751100875], [-102.21764583926968, 20.258173202875952]]]}, "properties": {"h3_index": "864981bb7ffffff", "conteo": 12}}, {"type": "Feature", "geometry": {"type": "Polygon", "coordinates": [[[-99.39188159490895, 20.163358500870675], [-99.36004269568062, 20.183903034861572], [-99.36263902259186, 20.220037290516], [-99.39709365669339, 20.235631066842917], [-99.42894494374224, 20.21507896209908], [-99.42632920872187, 20.178940657299407], [-99.39188159490895, 20.163358500870675]]]}, "properties": {"h3_index": "86498250fffffff", "conteo": 3}}, {"type": "Feature", "geometry": {"type": "Polygon", "coordinates": [[[-99.53240232587997, 20.261816015367632], [-99.5005408712931, 20.282390900246806], [-99.5031805787744, 20.31854514768139], [-99.53770118560595, 20.334128467148656], [-99.56957494171738, 20.31354598583221], [-99.56691578941309, 20.277387787022757], [-99.53240232587997, 20.261816015367632]]]}, "properties": {"h3_index": "86498254fffffff", "conteo": 3}}, {"type": "Feature", "geometry": {"type": "Polygon", "coordinates": [[[-99.56160208325687, 20.205083279650307], [-99.52975518724888, 20.225665726747412], [-99.53240232587997, 20.261816015367632], [-99.56691578941309, 20.277387787022757], [-99.59877495410461, 20.25679771649578], [-99.59610838653822, 20.220643503285594], [-99.56160208325687, 20.205083279650307]]]}, "properties": {"h3_index": "86498256fffffff", "conteo": 3}}, {"type": "Feature", "geometry": {"type": "Polygon", "coordinates": [[[-100.47166364827983, 20.297780738684384], [-100.43981554736067, 20.318566960150637], [-100.44273259855973, 20.354783633392568], [-100.47751723536044, 20.37021733222852], [-100.50937692576706, 20.349423175861585], [-100.50644039041813, 20.313203261217417], [-100.47166364827983, 20.297780738684384]]]}, "properties": {"h3_index": "864982a6fffffff", "conteo": 83}}, {"type": "Feature", "geometry": {"type": "Polygon", "coordinates": [[[-100.20530470465444, 20.31902940924984], [-100.17344334937282, 20.339755738909975], [-100.1762824595019, 20.375958934774562], [-100.2110024108963, 20.391439252627244], [-100.24287556593171, 20.370705091320435], [-100.24001697018315, 20.33449844943358], [-100.20530470465444, 20.31902940924984]]]}, "properties": {"h3_index": "864982af7ffffff", "conteo": 48}}, {"type": "Feature", "geometry": {"type": "Polygon", "coordinates": [[[-100.3032893209743, 21.131889515041447], [-100.27122770349214, 21.15262471650048], [-100.27411389113699, 21.188909290918794], [-100.30908143367799, 21.204462104537185], [-100.34115492513271, 21.183719262734172], [-100.3382490005083, 21.1474312532863], [-100.3032893209743, 21.131889515041447]]]}, "properties": {"h3_index": "8649834c7ffffff", "conteo": 18}}, {"type": "Feature", "geometry": {"type": "Polygon", "coordinates": [[[-101.37702163893772, 21.04521768541614], [-101.34502445369043, 21.06619902495744], [-101.34822629680265, 21.102532356303904], [-101.38344503766571, 21.1178869599393], [-101.41545322452711, 21.09689757050631], [-101.4122316700393, 21.060561633073327], [-101.37702163893772, 21.04521768541614]]]}, "properties": {"h3_index": "864983a5fffffff", "conteo": 31}}, {"type": "Feature", "geometry": {"type": "Polygon", "coordinates": [[[-100.42251879332629, 20.520468758320984], [-100.39061374852704, 20.541241526629857], [-100.39352136682695, 20.577477580330697], [-100.4283535816623, 20.592944168189586], [-100.4602702946379, 20.572163544852216], [-100.4573431251059, 20.535924194334022], [-100.42251879332629, 20.520468758320984]]]}, "properties": {"h3_index": "864983d8fffffff", "conteo": 7}}, {"type": "Feature", "geometry": {"type": "Polygon", "coordinates": [[[-101.27251397656086, 19.083028825814704], [-101.24099623169569, 19.103985709358703], [-101.24411930872758, 19.14010562646676], [-101.27877925214572, 19.155271192141168], [-101.31030775009832, 19.134305756930964], [-101.30716555255803, 19.098183313471658], [-101.27251397656086, 19.083028825814704]]]}, "properties": {"h3_index": "8649842f7ffffff", "conteo": 6}}, {"type": "Feature", "geometry": {"type": "Polygon", "coordinates": [[[-102.08730492219027, 19.2285380345166], [-102.05579539436667, 19.249665864972265], [-102.0591591953871, 19.28584086971753], [-102.09405166792195, 19.300889963399378], [-102.12557132494703, 19.279753345199943], [-102.12218838175927, 19.24357642688025], [-102.08730492219027, 19.2285380345166]]]}, "properties": {"h3_index": "864985027ffffff", "conteo": 3}}, {"type": "Feature", "geometry": {"type": "Polygon", "coordinates": [[[-102.02092552886148, 19.23461587619502], [-101.98941050284847, 19.25573016867838], [-101.99275515730872, 19.291903208251547], [-102.02763398582451, 19.306963926326944], [-102.0591591953871, 19.28584086971753], [-102.05579539436667, 19.249665864972265], [-102.02092552886148, 19.23461587619502]]]}, "properties": {"h3_index": "864985037ffffff", "conteo": 117}}, {"type": "Feature", "geometry": {"type": "Polygon", "coordinates": [[[-102.04107389618622, 19.451714745814577], [-102.00950709966614, 19.47283673058671], [-102.0128632334601, 19.50903690119839], [-102.04780537550643, 19.524117060815403], [-102.07938237359627, 19.502986363630885], [-102.0760070295725, 19.46678422505316], [-102.04107389618622, 19.451714745814577]]]}, "properties": {"h3_index": "8649850c7ffffff", "conteo": 3}}, {"type": "Feature", "geometry": {"type": "Polygon", "coordinates": [[[-102.0128632334601, 19.50903690119839], [-101.98128072430688, 19.53015384959109], [-101.98463012231048, 19.56635963936222], [-102.0195812593299, 19.581450481030167], [-102.05117400188587, 19.560324845067306], [-102.04780537550643, 19.524117060815403], [-102.0128632334601, 19.50903690119839]]]}, "properties": {"h3_index": "8649850dfffffff", "conteo": 3}}, {"type": "Feature", "geometry": {"type": "Polygon", "coordinates": [[[-102.18179094278966, 19.165118200131317], [-102.15030271304178, 19.186264177720673], [-102.15369232521509, 19.222435089377154], [-102.18858928817522, 19.237461864729326], [-102.22008756109898, 19.21630705126067], [-102.21667882946682, 19.180134304143767], [-102.18179094278966, 19.165118200131317]]]}, "properties": {"h3_index": "864985177ffffff", "conteo": 3}}, {"type": "Feature", "geometry": {"type": "Polygon", "coordinates": [[[-102.42252136384367, 19.58101148310464], [-102.39094738266672, 19.602214475330207], [-102.39441802606648, 19.6384445147893], [-102.42948188377436, 19.653473252426956], [-102.46106577689324, 19.63226145719591], [-102.45757590210901, 19.596029733164798], [-102.42252136384367, 19.58101148310464]]]}, "properties": {"h3_index": "864985357ffffff", "conteo": 15}}, {"type": "Feature", "geometry": {"type": "Polygon", "coordinates": [[[-102.18428602453557, 19.548178530729448], [-102.1527045003025, 19.569331680839312], [-102.15610487548453, 19.605548919781555], [-102.19110600951886, 19.62061488008521], [-102.22269763460669, 19.599452996168598], [-102.21927802640118, 19.563233891574086], [-102.18428602453557, 19.548178530729448]]]}, "properties": {"h3_index": "864985387ffffff", "conteo": 181}}, {"type": "Feature", "geometry": {"type": "Polygon", "coordinates": [[[-102.25085381124005, 19.542067030901766], [-102.21927802640118, 19.563233891574086], [-102.22269763460669, 19.599452996168598], [-102.25771225749767, 19.614507059732613], [-102.28929808817672, 19.593331441696265], [-102.28585925176196, 19.557110523282986], [-102.25085381124005, 19.542067030901766]]]}, "properties": {"h3_index": "8649853afffffff", "conteo": 3}}, {"type": "Feature", "geometry": {"type": "Polygon", "coordinates": [[[-102.14590957861161, 19.49691033005806], [-102.11433817831438, 19.518054745209195], [-102.11772602866775, 19.55426447220285], [-102.1527045003025, 19.569331680839312], [-102.18428602453557, 19.548178530729448], [-102.18087895476783, 19.511966912759238], [-102.14590957861161, 19.49691033005806]]]}, "properties": {"h3_index": "8649853b7ffffff", "conteo": 4}}, {"type": "Feature", "geometry": {"type": "Polygon", "coordinates": [[[-101.56617195132684, 19.384940947314202], [-101.5345948359502, 19.40596298579374], [-101.53781086349734, 19.442134508211712], [-101.57262321258615, 19.45728632538111], [-101.60421089911733, 19.436255716221474], [-101.60097566660836, 19.400081866350785], [-101.56617195132684, 19.384940947314202]]]}, "properties": {"h3_index": "86498541fffffff", "conteo": 3}}, {"type": "Feature", "geometry": {"type": "Polygon", "coordinates": [[[-101.47142032101068, 19.447987887982627], [-101.43982295552216, 19.468990703671427], [-101.44301290532273, 19.505165382244627], [-101.47781944748671, 19.520339656435702], [-101.5094274697319, 19.499328319523656], [-101.50621829420217, 19.463151235413324], [-101.47142032101068, 19.447987887982627]]]}, "properties": {"h3_index": "86498548fffffff", "conteo": 4}}, {"type": "Feature", "geometry": {"type": "Polygon", "coordinates": [[[-101.38600101431196, 19.236884097369455], [-101.35445107366156, 19.257866633403783], [-101.35761093740882, 19.2940115021206], [-101.39233990737029, 19.309176293462553], [-101.42390053742831, 19.288185208302217], [-101.42072150920416, 19.252037886691966], [-101.38600101431196, 19.236884097369455]]]}, "properties": {"h3_index": "864985597ffffff", "conteo": 4}}, {"type": "Feature", "geometry": {"type": "Polygon", "coordinates": [[[-101.51854223486134, 19.225173922425267], [-101.48700171817086, 19.24618399880753], [-101.49019990797797, 19.282333722022056], [-101.52495777417782, 19.29747572491472], [-101.55650887363245, 19.276457050885544], [-101.55329152529218, 19.24030497738779], [-101.51854223486134, 19.225173922425267]]]}, "properties": {"h3_index": "8649855afffffff", "conteo": 3}}, {"type": "Feature", "geometry": {"type": "Polygon", "coordinates": [[[-102.19966427020992, 18.99934111296725], [-102.16821747124126, 19.020487247148953], [-102.17160794079756, 19.05663786769983], [-102.20646428066371, 19.071644167470392], [-102.23792108273132, 19.050489147268124], [-102.23451154341893, 19.014336719144314], [-102.19966427020992, 18.99934111296725]]]}, "properties": {"h3_index": "8649858f7ffffff", "conteo": 28}}, {"type": "Feature", "geometry": {"type": "Polygon", "coordinates": [[[-102.29678572412043, 19.318705234472226], [-102.26526743387022, 19.339877716302652], [-102.26869450696017, 19.376072005535153], [-102.30365903166273, 19.39109557858247], [-102.3351872958583, 19.369914264309923], [-102.33174106306353, 19.333718215261086], [-102.29678572412043, 19.318705234472226]]]}, "properties": {"h3_index": "864985a97ffffff", "conteo": 3}}, {"type": "Feature", "geometry": {"type": "Polygon", "coordinates": [[[-102.3425658429753, 19.095460976715202], [-102.31110488033973, 19.11663821706283], [-102.31453934595405, 19.15280661109541], [-102.3494538673721, 19.167799476348073], [-102.38092473256754, 19.14661332893328], [-102.37747117546252, 19.11044322916791], [-102.3425658429753, 19.095460976715202]]]}, "properties": {"h3_index": "864985bb7ffffff", "conteo": 6}}, {"type": "Feature", "geometry": {"type": "Polygon", "coordinates": [[[-100.16973474137822, 19.01313900567781], [-100.13819435074646, 19.033862275304436], [-100.14099448972497, 19.06991148412053], [-100.17535411261078, 19.08524078870132], [-100.20690609260251, 19.064509339164143], [-100.2040868606799, 19.02845677060205], [-100.16973474137822, 19.01313900567781]]]}, "properties": {"h3_index": "86498616fffffff", "conteo": 3}}, {"type": "Feature", "geometry": {"type": "Polygon", "coordinates": [[[-100.24086288501734, 19.497511712806368], [-100.20920560885617, 19.51825117956736], [-100.21203707866974, 19.554365398413964], [-100.24654506376807, 19.56974350547188], [-100.27821396261966, 19.54899596608361], [-100.27536325406184, 19.512878397908473], [-100.24086288501734, 19.497511712806368]]]}, "properties": {"h3_index": "86498620fffffff", "conteo": 3}}, {"type": "Feature", "geometry": {"type": "Polygon", "coordinates": [[[-100.07134826057217, 19.456719196867823], [-100.03969661188076, 19.477421782344056], [-100.04247759283093, 19.513520626329477], [-100.07692944503023, 19.528920364784362], [-100.10859283778056, 19.50820975739316], [-100.10579263454662, 19.472107439085796], [-100.07134826057217, 19.456719196867823]]]}, "properties": {"h3_index": "8649862a7ffffff", "conteo": 3}}, {"type": "Feature", "geometry": {"type": "Polygon", "coordinates": [[[-100.18661213543284, 19.22950234709565], [-100.15501920776228, 19.250229940220652], [-100.15782896552521, 19.28630791869425], [-100.19225080886778, 19.301661676318908], [-100.22385535208824, 19.280925956515855], [-100.22102643675973, 19.244844611408833], [-100.18661213543284, 19.22950234709565]]]}, "properties": {"h3_index": "864986337ffffff", "conteo": 3}}, {"type": "Feature", "geometry": {"type": "Polygon", "coordinates": [[[-100.2984486387255, 19.383800934034753], [-100.26682092143555, 19.404552905430457], [-100.26966673485786, 19.440656839484404], [-100.30415947200005, 19.456012103355178], [-100.33579874760957, 19.435252007065653], [-100.33293372817134, 19.399144777452047], [-100.2984486387255, 19.383800934034753]]]}, "properties": {"h3_index": "864986357ffffff", "conteo": 20}}, {"type": "Feature", "geometry": {"type": "Polygon", "coordinates": [[[-99.41686686970169, 19.127696045564768], [-99.38528407321355, 19.14825650952097], [-99.38786690366257, 19.18427073602505], [-99.42205162917246, 19.19972844250782], [-99.45364659684982, 19.17916010878219], [-99.4510446676996, 19.14314194388602], [-99.41686686970169, 19.127696045564768]]]}, "properties": {"h3_index": "864986417ffffff", "conteo": 196}}, {"type": "Feature", "geometry": {"type": "Polygon", "coordinates": [[[-99.32210222996457, 19.18935645051786], [-99.29050321884463, 19.209895882415513], [-99.29305959725055, 19.24591130623878], [-99.32723409870883, 19.261391319002847], [-99.35884536227262, 19.24084407021287], [-99.35626987174786, 19.20482463107871], [-99.32210222996457, 19.18935645051786]]]}, "properties": {"h3_index": "864986487ffffff", "conteo": 3}}, {"type": "Feature", "geometry": {"type": "Polygon", "coordinates": [[[-99.35112330786913, 19.13280016079084], [-99.31953849636635, 19.153346212267216], [-99.32210222996457, 19.18935645051786], [-99.35626987174786, 19.20482463107871], [-99.38786690366257, 19.18427073602505], [-99.38528407321355, 19.14825650952097], [-99.35112330786913, 19.13280016079084]]]}, "properties": {"h3_index": "8649864a7ffffff", "conteo": 3}}, {"type": "Feature", "geometry": {"type": "Polygon", "coordinates": [[[-99.28539484670601, 19.1378794384545], [-99.2538081050893, 19.15841105302577], [-99.25635274383824, 19.194417253212755], [-99.29050321884463, 19.209895882415513], [-99.32210222996457, 19.18935645051786], [-99.31953849636635, 19.153346212267216], [-99.28539484670601, 19.1378794384545]]]}, "properties": {"h3_index": "8649864b7ffffff", "conteo": 3}}, {"type": "Feature", "geometry": {"type": "Polygon", "coordinates": [[[-100.33876782604356, 19.05363057503433], [-100.30722217560184, 19.074390158312923], [-100.31007248721639, 19.110454962752083], [-100.34448755836299, 19.12576342487765], [-100.37604467745857, 19.104995611536985], [-100.37317525718929, 19.068927571797293], [-100.33876782604356, 19.05363057503433]]]}, "properties": {"h3_index": "864986a17ffffff", "conteo": 3}}, {"type": "Feature", "geometry": {"type": "Polygon", "coordinates": [[[-102.592379163605, 22.371931149611903], [-102.56012259573947, 22.393168732753654], [-102.56371994348846, 22.42964080198002], [-102.5995939382943, 22.44487705495669], [-102.63186071367947, 22.423631377316973], [-102.62824328871773, 22.387157547030345], [-102.592379163605, 22.371931149611903]]]}, "properties": {"h3_index": "864988097ffffff", "conteo": 20}}, {"type": "Feature", "geometry": {"type": "Polygon", "coordinates": [[[-102.31999454747908, 22.395742241663918], [-102.28771267600669, 22.416916727468887], [-102.29122965651534, 22.453381221378606], [-102.32704861051658, 22.468673208739634], [-102.35934092632145, 22.447490725204815], [-102.35580384558949, 22.411024257854884], [-102.31999454747908, 22.395742241663918]]]}, "properties": {"h3_index": "86498841fffffff", "conteo": 18}}, {"type": "Feature", "geometry": {"type": "Polygon", "coordinates": [[[-102.35934092632145, 22.447490725204815], [-102.32704861051658, 22.468673208739634], [-102.3305787356262, 22.505141770426707], [-102.36642129288616, 22.520429800822452], [-102.39872402795339, 22.4992393207601], [-102.39517378832383, 22.46276881264839], [-102.35934092632145, 22.447490725204815]]]}, "properties": {"h3_index": "8649884e7ffffff", "conteo": 32}}, {"type": "Feature", "geometry": {"type": "Polygon", "coordinates": [[[-102.20217560432664, 22.24049906500443], [-102.16992521514108, 22.261649550528777], [-102.17340288002354, 22.298101357183313], [-102.20915099287953, 22.31340473832453], [-102.24141190092934, 22.29224625153703], [-102.23791417897046, 22.255792390679037], [-102.20217560432664, 22.24049906500443]]]}, "properties": {"h3_index": "864988587ffffff", "conteo": 3}}, {"type": "Feature", "geometry": {"type": "Polygon", "coordinates": [[[-102.17340288002354, 22.298101357183313], [-102.1411359954353, 22.319244042226348], [-102.14460666922153, 22.355698078237523], [-102.1803643059005, 22.37101151530696], [-102.21264174327565, 22.349860854631036], [-102.20915099287953, 22.31340473832453], [-102.17340288002354, 22.298101357183313]]]}, "properties": {"h3_index": "86498859fffffff", "conteo": 7}}, {"type": "Feature", "geometry": {"type": "Polygon", "coordinates": [[[-102.4381438665433, 22.550987867903924], [-102.40583073739734, 22.572186343279103], [-102.40938721080242, 22.608662798045664], [-102.44527695821947, 22.62394267551564], [-102.47760045614689, 22.602736206054765], [-102.47402383975889, 22.566257859034003], [-102.4381438665433, 22.550987867903924]]]}, "properties": {"h3_index": "8649887b7ffffff", "conteo": 31}}, {"type": "Feature", "geometry": {"type": "Polygon", "coordinates": [[[-103.35346437321786, 22.41347810439361], [-103.32125835903814, 22.434887888674417], [-103.3250828688178, 22.471382466068597], [-103.36113342838058, 22.48646843869764], [-103.3933489967396, 22.465050327360263], [-103.3895044538473, 22.428554576314617], [-103.35346437321786, 22.41347810439361]]]}, "properties": {"h3_index": "864988aefffffff", "conteo": 4}}, {"type": "Feature", "geometry": {"type": "Polygon", "coordinates": [[[-103.3487992832766, 23.354044829752908], [-103.31635326543848, 23.375435965986885], [-103.32020477211816, 23.411969342709806], [-103.35652263193471, 23.42711282721157], [-103.38897835077805, 23.40571362432251], [-103.38510651134322, 23.36917900946246], [-103.3487992832766, 23.354044829752908]]]}, "properties": {"h3_index": "86498bb47ffffff", "conteo": 3}}, {"type": "Feature", "geometry": {"type": "Polygon", "coordinates": [[[-102.52068361741082, 23.040617755103323], [-102.48825141667245, 23.06182338061033], [-102.49184629255086, 23.098324218520954], [-102.52789366543823, 23.113621296437074], [-102.56033624395062, 23.0924077848975], [-102.55672107376289, 23.0559050873085], [-102.52068361741082, 23.040617755103323]]]}, "properties": {"h3_index": "86498bd57ffffff", "conteo": 160}}, {"type": "Feature", "geometry": {"type": "Polygon", "coordinates": [[[-103.02548328489262, 21.229467068945777], [-102.99354706180395, 21.250811616305544], [-102.99723995987638, 21.28722086400315], [-103.03288877498227, 21.30228691552443], [-103.06483465747199, 21.280933819223183], [-103.06112206766349, 21.244523226190346], [-103.02548328489262, 21.229467068945777]]]}, "properties": {"h3_index": "86498c057ffffff", "conteo": 5}}, {"type": "Feature", "geometry": {"type": "Polygon", "coordinates": [[[-102.59179941985418, 21.3243538044683], [-102.55980649001884, 21.345603280986044], [-102.56337432828838, 21.38200690204971], [-102.59895484862001, 21.3971627409766], [-102.63095782026208, 21.37590488120363], [-102.62737023169582, 21.33949957158762], [-102.59179941985418, 21.3243538044683]]]}, "properties": {"h3_index": "86498c45fffffff", "conteo": 3}}, {"type": "Feature", "geometry": {"type": "Polygon", "coordinates": [[[-102.57409025491481, 21.49123505132887], [-102.5420542981988, 21.51247963903704], [-102.54562155175657, 21.548895217108125], [-102.5812445669037, 21.56406792761444], [-102.61329060663303, 21.542815008359376], [-102.60970355012788, 21.506397715972547], [-102.57409025491481, 21.49123505132887]]]}, "properties": {"h3_index": "86498c79fffffff", "conteo": 3}}, {"type": "Feature", "geometry": {"type": "Polygon", "coordinates": [[[-102.10879867616813, 21.257244493274936], [-102.07678979432241, 21.278387440135052], [-102.08021326611014, 21.31476888526275], [-102.11566537590465, 21.330009446783247], [-102.14768469356608, 21.30885825809219], [-102.14424146722867, 21.272474755511595], [-102.10879867616813, 21.257244493274936]]]}, "properties": {"h3_index": "86498e877ffffff", "conteo": 10}}, {"type": "Feature", "geometry": {"type": "Polygon", "coordinates": [[[-102.19698720999766, 21.469659279915952], [-102.16493079804708, 21.490820022969782], [-102.16838602550598, 21.527221020474606], [-102.2039174829037, 21.542463285402015], [-102.23598429168213, 21.521294329593673], [-102.23250924791236, 21.484891327417927], [-102.19698720999766, 21.469659279915952]]]}, "properties": {"h3_index": "86498ebafffffff", "conteo": 16}}, {"type": "Feature", "geometry": {"type": "Polygon", "coordinates": [[[-101.55973135868042, 21.194586807365162], [-101.52770619310995, 21.215607517765168], [-101.53096579753122, 21.251961472317557], [-101.56627032243213, 21.267297198772688], [-101.59830636632641, 21.246268416382698], [-101.5950270082469, 21.209911985286375], [-101.55973135868042, 21.194586807365162]]]}, "properties": {"h3_index": "86498ec27ffffff", "conteo": 49}}, {"type": "Feature", "geometry": {"type": "Polygon", "coordinates": [[[-97.5663085895972, 20.127995504080257], [-97.53448647672839, 20.148117504730244], [-97.53654503431675, 20.184102660943463], [-97.57044495160778, 20.199971227110208], [-97.60228075760958, 20.179842366587028], [-97.60020295192109, 20.14385180497207], [-97.5663085895972, 20.127995504080257]]]}, "properties": {"h3_index": "86499008fffffff", "conteo": 3}}, {"type": "Feature", "geometry": {"type": "Polygon", "coordinates": [[[-97.20816873456606, 20.20501529301484], [-97.17633612869056, 20.225049758997994], [-97.17829062464865, 20.26101043837108], [-97.21209695401086, 20.276942331372652], [-97.24394351504854, 20.25690117504054], [-97.24196979007851, 20.220934821182755], [-97.20816873456606, 20.20501529301484]]]}, "properties": {"h3_index": "8649904c7ffffff", "conteo": 3}}, {"type": "Feature", "geometry": {"type": "Polygon", "coordinates": [[[-97.42336680154303, 20.516494083546355], [-97.39145066114365, 20.53656868783646], [-97.39347334406756, 20.572581694598103], [-97.42743151548702, 20.588525645987325], [-97.45936153180367, 20.56844435282057], [-97.45731949941911, 20.532425802306538], [-97.42336680154303, 20.516494083546355]]]}, "properties": {"h3_index": "8649906f7ffffff", "conteo": 3}}, {"type": "Feature", "geometry": {"type": "Polygon", "coordinates": [[[-97.2797548836794, 20.308798149249945], [-97.2478943804499, 20.328845995670488], [-97.24987152284253, 20.364824406814915], [-97.28372843623798, 20.380760607899884], [-97.31560286859442, 20.360706071645374], [-97.3136064569844, 20.324722029279567], [-97.2797548836794, 20.308798149249945]]]}, "properties": {"h3_index": "864990797ffffff", "conteo": 37}}, {"type": "Feature", "geometry": {"type": "Polygon", "coordinates": [[[-97.31560286859442, 20.360706071645374], [-97.28372843623798, 20.380760607899884], [-97.28571693277739, 20.416747776655157], [-97.31959914954847, 20.432686023773588], [-97.35148749787227, 20.412624797933535], [-97.34947971203334, 20.376632019706694], [-97.31560286859442, 20.360706071645374]]]}, "properties": {"h3_index": "86499079fffffff", "conteo": 3}}, {"type": "Feature", "geometry": {"type": "Polygon", "coordinates": [[[-98.21756897843558, 19.97592930948009], [-98.18577484573136, 19.99620789558133], [-98.18802225062632, 20.032232404422125], [-98.22208305560994, 20.047983243739143], [-98.25389039363056, 20.027697491394047], [-98.25162372048257, 19.991668071304595], [-98.21756897843558, 19.97592930948009]]]}, "properties": {"h3_index": "864990a2fffffff", "conteo": 11}}, {"type": "Feature", "geometry": {"type": "Polygon", "coordinates": [[[-98.37691016312357, 20.399480062109593], [-98.34500918132375, 20.419784746511645], [-98.34731100005274, 20.45586756270475], [-98.38153321037927, 20.471650529164798], [-98.41344737122444, 20.451338736084157], [-98.41112614191849, 20.415251090571378], [-98.37691016312357, 20.399480062109593]]]}, "properties": {"h3_index": "864991c1fffffff", "conteo": 3}}, {"type": "Feature", "geometry": {"type": "Polygon", "coordinates": [[[-96.37664457570857, 19.98544975577993], [-96.34489624422137, 20.005293424075003], [-96.34660362866272, 20.041148080732018], [-96.38007839104435, 20.057165331338002], [-96.41184118116774, 20.037315256887954], [-96.4101147483096, 20.001454342935865], [-96.37664457570857, 19.98544975577993]]]}, "properties": {"h3_index": "864992d0fffffff", "conteo": 3}}, {"type": "Feature", "geometry": {"type": "Polygon", "coordinates": [[[-98.15979725115977, 21.17552382543057], [-98.12770291447917, 21.195750520048648], [-98.1299543636267, 21.231888578890473], [-98.16431977775629, 21.247805001193882], [-98.1964276125168, 21.227571507407347], [-98.19415653413824, 21.19142839578487], [-98.15979725115977, 21.17552382543057]]]}, "properties": {"h3_index": "864993a67ffffff", "conteo": 7}}, {"type": "Feature", "geometry": {"type": "Polygon", "coordinates": [[[-98.15713358232463, 19.004951039620106], [-98.1255801511628, 19.02523360967455], [-98.12779302416455, 19.061134353854595], [-98.16157830025581, 19.076757398717042], [-98.19314478016166, 19.056467410494292], [-98.1909129343473, 19.02056180091914], [-98.15713358232463, 19.004951039620106]]]}, "properties": {"h3_index": "864994327ffffff", "conteo": 9}}, {"type": "Feature", "geometry": {"type": "Polygon", "coordinates": [[[-98.091819328661, 19.009613038317184], [-98.06026550521567, 19.029880911382723], [-98.06245941009922, 19.065776741499953], [-98.0962261056225, 19.081409617944235], [-98.12779302416455, 19.061134353854595], [-98.1255801511628, 19.02523360967455], [-98.091819328661, 19.009613038317184]]]}, "properties": {"h3_index": "864994337ffffff", "conteo": 81}}, {"type": "Feature", "geometry": {"type": "Polygon", "coordinates": [[[-98.48397240340286, 18.98127366386947], [-98.45242218715487, 19.001629391468676], [-98.454729968232, 19.0375539747318], [-98.48860695895114, 19.053127456945337], [-98.52016999006412, 19.03276417622708], [-98.51784321490305, 18.996834971814046], [-98.48397240340286, 18.98127366386947]]]}, "properties": {"h3_index": "864994a4fffffff", "conteo": 1531}}, {"type": "Feature", "geometry": {"type": "Polygon", "coordinates": [[[-97.53934630263154, 18.508814984706305], [-97.50792488960177, 18.528965527581242], [-97.5099498440822, 18.56474319006733], [-97.54341497438364, 18.580375583393806], [-97.57484975643942, 18.56021772791466], [-97.57280603793303, 18.524434796954147], [-97.53934630263154, 18.508814984706305]]]}, "properties": {"h3_index": "864994c17ffffff", "conteo": 3}}, {"type": "Feature", "geometry": {"type": "Polygon", "coordinates": [[[-97.44506943387618, 18.56924487656806], [-97.41363542732101, 18.58937364019429], [-97.41563395221564, 18.62515128939516], [-97.44908525339567, 18.640805523761664], [-97.48053270477703, 18.620669502581467], [-97.47851540886118, 18.584886509809017], [-97.44506943387618, 18.56924487656806]]]}, "properties": {"h3_index": "864994c87ffffff", "conteo": 3}}, {"type": "Feature", "geometry": {"type": "Polygon", "coordinates": [[[-97.40964178763777, 18.517834306468767], [-97.37822123879974, 18.537955812207663], [-97.38020868334618, 18.573722794482634], [-97.41363542732101, 18.58937364019429], [-97.44506943387618, 18.56924487656806], [-97.44306323742953, 18.533472530332467], [-97.40964178763777, 18.517834306468767]]]}, "properties": {"h3_index": "864994cb7ffffff", "conteo": 4}}, {"type": "Feature", "geometry": {"type": "Polygon", "coordinates": [[[-99.21475032232188, 20.01317996454825], [-99.18294682763059, 20.033686683181358], [-99.18548804543701, 20.06979222503768], [-99.21985211076388, 20.085395223457922], [-99.25166809573406, 20.064880959453685], [-99.24910752484186, 20.028771247894557], [-99.21475032232188, 20.01317996454825]]]}, "properties": {"h3_index": "864995247ffffff", "conteo": 3}}, {"type": "Feature", "geometry": {"type": "Polygon", "coordinates": [[[-98.45160276516246, 20.013937418342014], [-98.41979751246065, 20.034269267669767], [-98.42211437573212, 20.070317040978797], [-98.45625579096998, 20.086037711036347], [-98.48807408992474, 20.065698613470126], [-98.48573792666211, 20.02964609945441], [-98.45160276516246, 20.013937418342014]]]}, "properties": {"h3_index": "864995687ffffff", "conteo": 19}}, {"type": "Feature", "geometry": {"type": "Polygon", "coordinates": [[[-98.3856808178958, 20.01855000505769], [-98.35387478436279, 20.038866510105823], [-98.35617235177513, 20.074909493263007], [-98.39029524781266, 20.09064076688185], [-98.42211437573212, 20.070317040978797], [-98.41979751246065, 20.034269267669767], [-98.3856808178958, 20.01855000505769]]]}, "properties": {"h3_index": "864995697ffffff", "conteo": 6}}, {"type": "Feature", "geometry": {"type": "Polygon", "coordinates": [[[-99.02263535990333, 19.157948197826926], [-98.99104174594655, 19.178421823776723], [-98.99351002832904, 19.214411374649494], [-99.02759100963608, 19.229931541837235], [-99.05919708813404, 19.20945020414401], [-99.0567097204157, 19.17345641648948], [-99.02263535990333, 19.157948197826926]]]}, "properties": {"h3_index": "864995807ffffff", "conteo": 108}}, {"type": "Feature", "geometry": {"type": "Polygon", "coordinates": [[[-99.05919708813404, 19.20945020414401], [-99.02759100963608, 19.229931541837235], [-99.03007096178469, 19.265930406782033], [-99.06417609501464, 19.28145215378065], [-99.09579462153913, 19.260963104748182], [-99.09329556646078, 19.22496002554376], [-99.05919708813404, 19.20945020414401]]]}, "properties": {"h3_index": "86499580fffffff", "conteo": 219}}, {"type": "Feature", "geometry": {"type": "Polygon", "coordinates": [[[-98.99351002832904, 19.214411374649494], [-98.9619023951162, 19.234878129212376], [-98.96436324700919, 19.270872730293373], [-98.9984508319844, 19.28640484615236], [-99.03007096178469, 19.265930406782033], [-99.02759100963608, 19.229931541837235], [-98.99351002832904, 19.214411374649494]]]}, "properties": {"h3_index": "86499581fffffff", "conteo": 56}}, {"type": "Feature", "geometry": {"type": "Polygon", "coordinates": [[[-99.05173925036586, 19.101483353744456], [-99.02015965990539, 19.12196377404338], [-99.02263535990333, 19.157948197826926], [-99.0567097204157, 19.17345641648948], [-99.08830174341237, 19.152968257559575], [-99.08580697301048, 19.116979624087037], [-99.05173925036586, 19.101483353744456]]]}, "properties": {"h3_index": "864995827ffffff", "conteo": 3}}, {"type": "Feature", "geometry": {"type": "Polygon", "coordinates": [[[-99.08830174341237, 19.152968257559575], [-99.0567097204157, 19.17345641648948], [-99.05919708813404, 19.20945020414401], [-99.09329556646078, 19.22496002554376], [-99.12490000543953, 19.204464128388622], [-99.12239354978121, 19.168466153552263], [-99.08830174341237, 19.152968257559575]]]}, "properties": {"h3_index": "86499582fffffff", "conteo": 81}}, {"type": "Feature", "geometry": {"type": "Polygon", "coordinates": [[[-99.16153405905297, 19.255970821927587], [-99.12991722074315, 19.27647445689677], [-99.13242798283343, 19.31248675518036], [-99.1665747058928, 19.3279995659455], [-99.19820392678545, 19.307488193578934], [-99.19567404175139, 19.271471753346592], [-99.16153405905297, 19.255970821927587]]]}, "properties": {"h3_index": "864995847ffffff", "conteo": 22}}, {"type": "Feature", "geometry": {"type": "Polygon", "coordinates": [[[-99.09579462153913, 19.260963104748182], [-99.06417609501464, 19.28145215378065], [-99.06666773660385, 19.317460260399773], [-99.10079702489409, 19.332983515142715], [-99.13242798283343, 19.31248675518036], [-99.12991722074315, 19.27647445689677], [-99.09579462153913, 19.260963104748182]]]}, "properties": {"h3_index": "864995857ffffff", "conteo": 190}}, {"type": "Feature", "geometry": {"type": "Polygon", "coordinates": [[[-99.13242798283343, 19.31248675518036], [-99.10079702489409, 19.332983515142715], [-99.10330037561077, 19.369000790889345], [-99.1374538220138, 19.384525481166367], [-99.1690971946591, 19.36402101068866], [-99.1665747058928, 19.3279995659455], [-99.13242798283343, 19.31248675518036]]]}, "properties": {"h3_index": "86499585fffffff", "conteo": 29}}, {"type": "Feature", "geometry": {"type": "Polygon", "coordinates": [[[-99.12490000543953, 19.204464128388622], [-99.09329556646078, 19.22496002554376], [-99.09579462153913, 19.260963104748182], [-99.12991722074315, 19.27647445689677], [-99.16153405905297, 19.255970821927587], [-99.15901589852126, 19.219963578121497], [-99.12490000543953, 19.204464128388622]]]}, "properties": {"h3_index": "864995877ffffff", "conteo": 62}}, {"type": "Feature", "geometry": {"type": "Polygon", "coordinates": [[[-99.00092335566612, 19.322408711444854], [-98.96928917880503, 19.342876175414794], [-98.97175426111174, 19.37888496406262], [-99.00587265276991, 19.394430562598533], [-99.03751934187088, 19.373955441205418], [-99.0350351266911, 19.33794238417519], [-99.00092335566612, 19.322408711444854]]]}, "properties": {"h3_index": "8649958c7ffffff", "conteo": 259}}, {"type": "Feature", "geometry": {"type": "Polygon", "coordinates": [[[-99.06666773660385, 19.317460260399773], [-99.0350351266911, 19.33794238417519], [-99.03751934187088, 19.373955441205418], [-99.07165530215764, 19.389490598662622], [-99.10330037561077, 19.369000790889345], [-99.10079702489409, 19.332983515142715], [-99.06666773660385, 19.317460260399773]]]}, "properties": {"h3_index": "8649958efffffff", "conteo": 3}}, {"type": "Feature", "geometry": {"type": "Polygon", "coordinates": [[[-99.07415122855735, 19.425512774808222], [-99.04249204374881, 19.44599555321972], [-99.04498053287716, 19.4820225526517], [-99.0791473747007, 19.497571002215697], [-99.11081903858705, 19.477080567195227], [-99.10831138123307, 19.441049344704382], [-99.07415122855735, 19.425512774808222]]]}, "properties": {"h3_index": "864995b97ffffff", "conteo": 18}}, {"type": "Feature", "geometry": {"type": "Polygon", "coordinates": [[[-99.11081903858705, 19.477080567195227], [-99.0791473747007, 19.497571002215697], [-99.0816475968877, 19.533606997846515], [-99.1158386685119, 19.549156764234155], [-99.14752279474857, 19.52865867301874], [-99.14500338669373, 19.492618477099786], [-99.11081903858705, 19.477080567195227]]]}, "properties": {"h3_index": "864995b9fffffff", "conteo": 3}}, {"type": "Feature", "geometry": {"type": "Polygon", "coordinates": [[[-99.1690971946591, 19.36402101068866], [-99.1374538220138, 19.384525481166367], [-99.13996890155714, 19.42055185334536], [-99.1741465090403, 19.43607790680337], [-99.20580227958513, 19.41556572623006], [-99.20326804446663, 19.379535207794962], [-99.1690971946591, 19.36402101068866]]]}, "properties": {"h3_index": "864995ba7ffffff", "conteo": 3}}, {"type": "Feature", "geometry": {"type": "Polygon", "coordinates": [[[-99.10330037561077, 19.369000790889345], [-99.07165530215764, 19.389490598662622], [-99.07415122855735, 19.425512774808222], [-99.10831138123307, 19.441049344704382], [-99.13996890155714, 19.42055185334536], [-99.1374538220138, 19.384525481166367], [-99.10330037561077, 19.369000790889345]]]}, "properties": {"h3_index": "864995bb7ffffff", "conteo": 186}}, {"type": "Feature", "geometry": {"type": "Polygon", "coordinates": [[[-98.56342621727707, 19.192112698011925], [-98.53182383445186, 19.212483941102587], [-98.53415860499143, 19.24844245031593], [-98.5681148206229, 19.264034304282436], [-98.59973000409646, 19.243655536384605], [-98.59737617064462, 19.207692444735045], [-98.56342621727707, 19.192112698011925]]]}, "properties": {"h3_index": "864995c07ffffff", "conteo": 186}}, {"type": "Feature", "geometry": {"type": "Polygon", "coordinates": [[[-98.59267254137892, 19.135780740251025], [-98.56108392656746, 19.156159126137155], [-98.56342621727707, 19.192112698011925], [-98.59737617064462, 19.207692444735045], [-98.62897755409928, 19.187306506806568], [-98.626616214916, 19.15134837961132], [-98.59267254137892, 19.135780740251025]]]}, "properties": {"h3_index": "864995c27ffffff", "conteo": 16}}, {"type": "Feature", "geometry": {"type": "Polygon", "coordinates": [[[-98.52715829844378, 19.140581396420384], [-98.49556873172779, 19.160945114342987], [-98.49789197769282, 19.196894081747608], [-98.53182383445186, 19.212483941102587], [-98.56342621727707, 19.192112698011925], [-98.56108392656746, 19.156159126137155], [-98.52715829844378, 19.140581396420384]]]}, "properties": {"h3_index": "864995c37ffffff", "conteo": 80}}, {"type": "Feature", "geometry": {"type": "Polygon", "coordinates": [[[-98.5775081470653, 19.407934595023747], [-98.54585252864058, 19.4283062626805], [-98.5481953355602, 19.46429308513414], [-98.58221288851958, 19.479912837607934], [-98.61388134067998, 19.45953370047916], [-98.61151940550498, 19.42354228575321], [-98.5775081470653, 19.407934595023747]]]}, "properties": {"h3_index": "864995ccfffffff", "conteo": 10}}, {"type": "Feature", "geometry": {"type": "Polygon", "coordinates": [[[-98.51185941073666, 19.4126883166457], [-98.48020285607537, 19.43304511445191], [-98.48252653852713, 19.469027295359446], [-98.51652589942798, 19.484657325400185], [-98.5481953355602, 19.46429308513414], [-98.54585252864058, 19.4283062626805], [-98.51185941073666, 19.4126883166457]]]}, "properties": {"h3_index": "864995cdfffffff", "conteo": 3}}, {"type": "Feature", "geometry": {"type": "Polygon", "coordinates": [[[-96.57044685448315, 19.273128527882793], [-96.53886755347551, 19.29304251620979], [-96.540621918735, 19.328830803807488], [-96.57397444813, 19.344711157485616], [-96.60556792193708, 19.32479047309945], [-96.60379469172946, 19.288996136107215], [-96.57044685448315, 19.273128527882793]]]}, "properties": {"h3_index": "86499619fffffff", "conteo": 67}}, {"type": "Feature", "geometry": {"type": "Polygon", "coordinates": [[[-96.24113466092847, 19.18582430378961], [-96.20959106238514, 19.20566387405275], [-96.21124838539075, 19.2414067800777], [-96.24446809500992, 19.257316397569568], [-96.27602605824525, 19.237470243991694], [-96.27434994516534, 19.201721061177164], [-96.24113466092847, 19.18582430378961]]]}, "properties": {"h3_index": "864996517ffffff", "conteo": 6}}, {"type": "Feature", "geometry": {"type": "Polygon", "coordinates": [[[-96.27100058919557, 19.130237321232016], [-96.23946937109812, 19.15008556116283], [-96.24113466092847, 19.18582430378961], [-96.27434994516534, 19.201721061177164], [-96.30589549644743, 19.181866209097223], [-96.30421142832348, 19.14612121672806], [-96.27100058919557, 19.130237321232016]]]}, "properties": {"h3_index": "864996537ffffff", "conteo": 3}}, {"type": "Feature", "geometry": {"type": "Polygon", "coordinates": [[[-96.37579330945961, 19.285166594757204], [-96.34421912381234, 19.305034669934233], [-96.34591694406473, 19.340804527104623], [-96.37920778792191, 19.356712504507783], [-96.4107962745738, 19.33683781836964], [-96.40907961443182, 19.30106177075787], [-96.37579330945961, 19.285166594757204]]]}, "properties": {"h3_index": "864996557ffffff", "conteo": 3}}, {"type": "Feature", "geometry": {"type": "Polygon", "coordinates": [[[-97.12591167389675, 19.29158252248755], [-97.0943085147483, 19.311625083850636], [-97.09622512372391, 19.3474704528232], [-97.12976383570053, 19.36327891494626], [-97.1613808065428, 19.343229432734407], [-97.15944525221482, 19.30737841438096], [-97.12591167389675, 19.29158252248755]]]}, "properties": {"h3_index": "864996a17ffffff", "conteo": 4}}, {"type": "Feature", "geometry": {"type": "Polygon", "coordinates": [[[-100.38217230491895, 23.37574448902274], [-100.34954074879047, 23.396419512259936], [-100.35250209745948, 23.43284130060597], [-100.38811545240424, 23.44859159324925], [-100.42075924612186, 23.42790952998883], [-100.41777744781741, 23.391484219752186], [-100.38217230491895, 23.37574448902274]]]}, "properties": {"h3_index": "86499908fffffff", "conteo": 7}}, {"type": "Feature", "geometry": {"type": "Polygon", "coordinates": [[[-98.13219114777652, 23.4130424210354], [-98.0995225896224, 23.43314230153203], [-98.10180584970682, 23.469414522295995], [-98.1367780026843, 23.4855920838633], [-98.16946056718396, 23.465486056732896], [-98.16715697136203, 23.42920861996052], [-98.13219114777652, 23.4130424210354]]]}, "properties": {"h3_index": "86499a607ffffff", "conteo": 7}}, {"type": "Feature", "geometry": {"type": "Polygon", "coordinates": [[[-98.60803582865601, 22.40076691527066], [-98.57562707483659, 22.42104823052901], [-98.57803455562996, 22.457309595811104], [-98.6128708414165, 22.47329445499403], [-98.64529302407317, 22.453006511343602], [-98.64286549143876, 22.416740342275403], [-98.60803582865601, 22.40076691527066]]]}, "properties": {"h3_index": "86499a927ffffff", "conteo": 16}}, {"type": "Feature", "geometry": {"type": "Polygon", "coordinates": [[[-99.27185762315783, 24.109801087973214], [-99.23900882542705, 24.1301505886694], [-99.2416506682472, 24.16652522152863], [-99.27716195912167, 24.182554758521672], [-99.31002403712463, 24.162198848545835], [-99.30736154373724, 24.12581981635484], [-99.27185762315783, 24.109801087973214]]]}, "properties": {"h3_index": "86499b75fffffff", "conteo": 10}}, {"type": "Feature", "geometry": {"type": "Polygon", "coordinates": [[[-99.11857430140682, 23.40727366993334], [-99.08590760629959, 23.427628194060702], [-99.0884884536345, 23.463973310473154], [-99.12375640689082, 23.479968387767624], [-99.15643635383258, 23.459607317674468], [-99.15383509534092, 23.423257721716848], [-99.11857430140682, 23.40727366993334]]]}, "properties": {"h3_index": "86499bc0fffffff", "conteo": 186}}, {"type": "Feature", "geometry": {"type": "Polygon", "coordinates": [[[-99.35459258862517, 21.968108469519088], [-99.32229911506731, 21.988593333665616], [-99.32492121928496, 22.024881196087048], [-99.35985676070634, 22.04068841450877], [-99.39216300664097, 22.020196504608144], [-99.38952093859963, 21.98390442753526], [-99.35459258862517, 21.968108469519088]]]}, "properties": {"h3_index": "86499c6d7ffffff", "conteo": 3}}, {"type": "Feature", "geometry": {"type": "Polygon", "coordinates": [[[-100.54648167864273, 22.04522306736054], [-100.51419723041218, 22.065991365844756], [-100.51717668365048, 22.10235699771726], [-100.55246061163623, 22.117957651145417], [-100.58475691105589, 22.097181879089636], [-100.58175743190507, 22.060812932832825], [-100.54648167864273, 22.04522306736054]]]}, "properties": {"h3_index": "86499d18fffffff", "conteo": 39}}, {"type": "Feature", "geometry": {"type": "Polygon", "coordinates": [[[-101.01865303205757, 22.39311623234513], [-100.98629872029699, 22.413985852414577], [-100.98942747674513, 22.450396449370025], [-101.02493068302772, 22.4659404078499], [-101.05729652701794, 22.44506324024165], [-101.05414763342047, 22.408649667400574], [-101.01865303205757, 22.39311623234513]]]}, "properties": {"h3_index": "86499d357ffffff", "conteo": 3}}, {"type": "Feature", "geometry": {"type": "Polygon", "coordinates": [[[-101.33859408994428, 22.147553669242665], [-101.30631729734796, 22.168505803913977], [-101.30953540297716, 22.20491723939728], [-101.34505035805756, 22.22037925989147], [-101.37733837577207, 22.199419395380538], [-101.37410021442, 22.163005245953702], [-101.33859408994428, 22.147553669242665]]]}, "properties": {"h3_index": "86499da6fffffff", "conteo": 3}}, {"type": "Feature", "geometry": {"type": "Polygon", "coordinates": [[[-98.11066967531762, 21.995679559682838], [-98.07836736775918, 22.015857390751645], [-98.08061872204296, 22.05205422605833], [-98.11519226334521, 22.068078383556678], [-98.14750828080372, 22.04789400908296], [-98.14523704608084, 22.011692025799483], [-98.11066967531762, 21.995679559682838]]]}, "properties": {"h3_index": "86499e457ffffff", "conteo": 38}}, {"type": "Feature", "geometry": {"type": "Polygon", "coordinates": [[[-102.09637225173277, 17.53653466405034], [-102.06527145418654, 17.557614916766674], [-102.06859438465074, 17.593550052965107], [-102.10303676313076, 17.608406698299223], [-102.1341474220243, 17.587317210211307], [-102.13080584256097, 17.551380318014505], [-102.09637225173277, 17.53653466405034]]]}, "properties": {"h3_index": "8649a06c7ffffff", "conteo": 19}}, {"type": "Feature", "geometry": {"type": "Polygon", "coordinates": [[[-101.15230941075582, 17.298739174967032], [-101.12121712729751, 17.31962901757265], [-101.12426310319256, 17.355480194803647], [-101.15841996595579, 17.370443986263837], [-101.18952280201819, 17.349545160767757], [-101.18645822361351, 17.313691532494115], [-101.15230941075582, 17.298739174967032]]]}, "properties": {"h3_index": "8649a2117ffffff", "conteo": 3}}, {"type": "Feature", "geometry": {"type": "Polygon", "coordinates": [[[-101.32007227317537, 17.337607709098275], [-101.2889780901614, 17.35853139396999], [-101.29207318009206, 17.394397773473177], [-101.32628106600079, 17.409342801650535], [-101.35738568016737, 17.38841008712302], [-101.3542719782735, 17.352541379879035], [-101.32007227317537, 17.337607709098275]]]}, "properties": {"h3_index": "8649a2177ffffff", "conteo": 6}}, {"type": "Feature", "geometry": {"type": "Polygon", "coordinates": [[[-102.47900234698406, 18.426504383836964], [-102.44771237028647, 18.447690744952403], [-102.45116858494649, 18.4837750182684], [-102.4859336666186, 18.498674479451022], [-102.51723333473701, 18.47747899032156], [-102.51375823149763, 18.44139317387741], [-102.47900234698406, 18.426504383836964]]]}, "properties": {"h3_index": "8649a3227ffffff", "conteo": 3}}, {"type": "Feature", "geometry": {"type": "Polygon", "coordinates": [[[-104.02718362097019, 20.085201623260733], [-103.99561861098425, 20.106742202861632], [-103.99957027580244, 20.143070743388385], [-104.03510620704792, 20.157859191439098], [-104.06667985743775, 20.13630944599155], [-104.06270893896298, 20.099980424212863], [-104.02718362097019, 20.085201623260733]]]}, "properties": {"h3_index": "8649a86cfffffff", "conteo": 4}}, {"type": "Feature", "geometry": {"type": "Polygon", "coordinates": [[[-104.37195794125748, 19.224359705046275], [-104.34063651977836, 19.24594157602533], [-104.34466132756036, 19.282179716427386], [-104.38002652038146, 19.296836138379994], [-104.41135617545285, 19.27524477330642], [-104.40731240705344, 19.239006486253558], [-104.37195794125748, 19.224359705046275]]]}, "properties": {"h3_index": "8649a88c7ffffff", "conteo": 3}}, {"type": "Feature", "geometry": {"type": "Polygon", "coordinates": [[[-104.17547721442453, 18.96999818226101], [-104.14419736439137, 18.9915325525908], [-104.1481578547116, 19.027735989230553], [-104.18341710664367, 19.042405340165285], [-104.21470532442238, 19.020861465783526], [-104.21072592532829, 18.984657750401947], [-104.17547721442453, 18.96999818226101]]]}, "properties": {"h3_index": "8649a8997ffffff", "conteo": 193}}, {"type": "Feature", "geometry": {"type": "Polygon", "coordinates": [[[-105.13920396645527, 20.300753030560532], [-105.10770577050826, 20.322520810293216], [-105.11198617152655, 20.35888360141594], [-105.14778394879146, 20.373478251988534], [-105.17928984666857, 20.351701048631316], [-105.17499026885017, 20.31533862418282], [-105.13920396645527, 20.300753030560532]]]}, "properties": {"h3_index": "8649a90d7ffffff", "conteo": 27}}, {"type": "Feature", "geometry": {"type": "Polygon", "coordinates": [[[-103.44634708675619, 20.362975381515344], [-103.4146604827883, 20.384402615969318], [-103.41845148735109, 20.42074668827373], [-103.45394849210874, 20.435664485674906], [-103.48564427043816, 20.41422833498295], [-103.48183387208157, 20.377883308991485], [-103.44634708675619, 20.362975381515344]]]}, "properties": {"h3_index": "8649aa277ffffff", "conteo": 6}}, {"type": "Feature", "geometry": {"type": "Polygon", "coordinates": [[[-103.17772989735222, 20.388841023004996], [-103.1460142275103, 20.41021268595572], [-103.14972758042053, 20.446552417294644], [-103.18517602949682, 20.461521655683338], [-103.2169011048878, 20.440141166774133], [-103.21316832791653, 20.403800271291], [-103.17772989735222, 20.388841023004996]]]}, "properties": {"h3_index": "8649aa287ffffff", "conteo": 304}}, {"type": "Feature", "geometry": {"type": "Polygon", "coordinates": [[[-103.2057091979872, 20.33112940707809], [-103.17401003574606, 20.352506162824568], [-103.17772989735222, 20.388841023004996], [-103.21316832791653, 20.403800271291], [-103.24487686367735, 20.38241466522472], [-103.24113759763208, 20.34607866704973], [-103.2057091979872, 20.33112940707809]]]}, "properties": {"h3_index": "8649aa2a7ffffff", "conteo": 116}}, {"type": "Feature", "geometry": {"type": "Polygon", "coordinates": [[[-103.24487686367735, 20.38241466522472], [-103.21316832791653, 20.403800271291], [-103.2169011048878, 20.440141166774133], [-103.25236183666257, 20.455097573601904], [-103.28407972030973, 20.433703118881912], [-103.28032752660143, 20.397361111846205], [-103.24487686367735, 20.38241466522472]]]}, "properties": {"h3_index": "8649aa2afffffff", "conteo": 285}}, {"type": "Feature", "geometry": {"type": "Polygon", "coordinates": [[[-103.13859391372198, 20.337544150291034], [-103.10688767493573, 20.358906985647955], [-103.11058812488248, 20.39524065527685], [-103.1460142275103, 20.41021268595572], [-103.17772989735222, 20.388841023004996], [-103.17401003574606, 20.352506162824568], [-103.13859391372198, 20.337544150291034]]]}, "properties": {"h3_index": "8649aa2b7ffffff", "conteo": 29}}, {"type": "Feature", "geometry": {"type": "Polygon", "coordinates": [[[-103.26159881053667, 20.21570614587014], [-103.22993265951624, 20.237092846189928], [-103.23366549736312, 20.27341772842109], [-103.26908385373612, 20.288357001904863], [-103.30075931438553, 20.26696140267432], [-103.29700711134032, 20.230635434730647], [-103.26159881053667, 20.21570614587014]]]}, "properties": {"h3_index": "8649aa3afffffff", "conteo": 123}}, {"type": "Feature", "geometry": {"type": "Polygon", "coordinates": [[[-102.39755745632198, 20.022186658808028], [-102.36587365266016, 20.0433904308974], [-102.36934886000789, 20.079668388544505], [-102.4045272374236, 20.094744319514355], [-102.43622104157302, 20.073531871754362], [-102.43272646956804, 20.037252174520738], [-102.39755745632198, 20.022186658808028]]]}, "properties": {"h3_index": "8649aa4b7ffffff", "conteo": 3}}, {"type": "Feature", "geometry": {"type": "Polygon", "coordinates": [[[-102.42574333389827, 19.96470474877672], [-102.39407556233137, 19.98591380545319], [-102.39755745632198, 20.022186658808028], [-102.43272646956804, 20.037252174520738], [-102.46440420954097, 20.016034417384287], [-102.46090296962623, 19.97975985082284], [-102.42574333389827, 19.96470474877672]]]}, "properties": {"h3_index": "8649aa59fffffff", "conteo": 13}}, {"type": "Feature", "geometry": {"type": "Polygon", "coordinates": [[[-103.00437941805538, 20.350293662149944], [-102.97265929091225, 20.371628557477017], [-102.97632089652647, 20.407959688398886], [-103.0117220570488, 20.42295722545941], [-103.04345173004458, 20.40161354823843], [-103.03977069881574, 20.36528112170147], [-103.00437941805538, 20.350293662149944]]]}, "properties": {"h3_index": "8649aa75fffffff", "conteo": 7}}, {"type": "Feature", "geometry": {"type": "Polygon", "coordinates": [[[-103.0994931429762, 20.286250704562114], [-103.06779636064556, 20.307604710711832], [-103.07148392591472, 20.343932239872224], [-103.10688767493573, 20.358906985647955], [-103.13859391372198, 20.337544150291034], [-103.13488694923943, 20.301215404220002], [-103.0994931429762, 20.286250704562114]]]}, "properties": {"h3_index": "8649aa76fffffff", "conteo": 3}}, {"type": "Feature", "geometry": {"type": "Polygon", "coordinates": [[[-103.45523967908316, 19.152731777855532], [-103.42384916333245, 19.174132910569252], [-103.42760747873584, 19.210343685195454], [-103.46277534541287, 19.225154184113485], [-103.49417485790053, 19.203743809103447], [-103.49039750934547, 19.167532183346815], [-103.45523967908316, 19.152731777855532]]]}, "properties": {"h3_index": "8649ae207ffffff", "conteo": 3}}, {"type": "Feature", "geometry": {"type": "Polygon", "coordinates": [[[-103.3887030438402, 19.159320474135733], [-103.35730525439008, 19.18070869477536], [-103.36104452902701, 19.216918566244402], [-103.39620063621084, 19.231741126104662], [-103.42760747873584, 19.210343685195454], [-103.42384916333245, 19.174132910569252], [-103.3887030438402, 19.159320474135733]]]}, "properties": {"h3_index": "8649ae217ffffff", "conteo": 25}}, {"type": "Feature", "geometry": {"type": "Polygon", "coordinates": [[[-103.48284924623466, 19.095122713650632], [-103.45147505564135, 19.116527458483056], [-103.45523967908316, 19.152731777855532], [-103.49039750934547, 19.167532183346815], [-103.52178066568203, 19.146118172641405], [-103.51799702839821, 19.109913028194093], [-103.48284924623466, 19.095122713650632]]]}, "properties": {"h3_index": "8649ae227ffffff", "conteo": 3}}, {"type": "Feature", "geometry": {"type": "Polygon", "coordinates": [[[-103.41633893561622, 19.101725143025657], [-103.38495744191012, 19.12311703183964], [-103.3887030438402, 19.159320474135733], [-103.42384916333245, 19.174132910569252], [-103.45523967908316, 19.152731777855532], [-103.45147505564135, 19.116527458483056], [-103.41633893561622, 19.101725143025657]]]}, "properties": {"h3_index": "8649ae237ffffff", "conteo": 125}}, {"type": "Feature", "geometry": {"type": "Polygon", "coordinates": [[[-103.17244295209817, 19.345140850526263], [-103.1409821549968, 19.366491327189312], [-103.14466414874286, 19.40271790306883], [-103.17982605476277, 19.417595093781642], [-103.21129611099076, 19.396235512664582], [-103.20759500427776, 19.360007851154574], [-103.17244295209817, 19.345140850526263]]]}, "properties": {"h3_index": "8649ae64fffffff", "conteo": 3}}, {"type": "Feature", "geometry": {"type": "Polygon", "coordinates": [[[-103.16138404838308, 19.236493081399352], [-103.12994874452399, 19.25783844728867], [-103.13362445464581, 19.29405157073532], [-103.16875455258469, 19.308920419482252], [-103.20019910921106, 19.287565923732878], [-103.19650431732441, 19.25135171496356], [-103.16138404838308, 19.236493081399352]]]}, "properties": {"h3_index": "8649ae667ffffff", "conteo": 4}}, {"type": "Feature", "geometry": {"type": "Polygon", "coordinates": [[[-103.2168354321952, 19.12138333345584], [-103.18543254309469, 19.142736450810464], [-103.18912103602688, 19.178936949997855], [-103.22423146386872, 19.193785370703196], [-103.25564354340844, 19.172423075855995], [-103.25193600688881, 19.136221543666068], [-103.2168354321952, 19.12138333345584]]]}, "properties": {"h3_index": "8649ae76fffffff", "conteo": 4}}, {"type": "Feature", "geometry": {"type": "Polygon", "coordinates": [[[-103.5202069516714, 18.488504301066037], [-103.48898224367531, 18.509894369232285], [-103.4927400917482, 18.546019929332132], [-103.52774148389229, 18.56075617333301], [-103.5589750433803, 18.53935666946999], [-103.55519836160708, 18.503230363188887], [-103.5202069516714, 18.488504301066037]]]}, "properties": {"h3_index": "8649ae847ffffff", "conteo": 134}}, {"type": "Feature", "geometry": {"type": "Polygon", "coordinates": [[[-103.5589750433803, 18.53935666946999], [-103.52774148389229, 18.56075617333301], [-103.53151194583441, 18.596889701691623], [-103.56653481468976, 18.61162445255575], [-103.59777720052706, 18.590215514518945], [-103.59398789356096, 18.55408126567759], [-103.5589750433803, 18.53935666946999]]]}, "properties": {"h3_index": "8649ae84fffffff", "conteo": 6}}, {"type": "Feature", "geometry": {"type": "Polygon", "coordinates": [[[-103.29939210349652, 18.291772318346503], [-103.26819598845488, 18.313112339544794], [-103.2718847587337, 18.349204367950406], [-103.30678844151223, 18.363957281001255], [-103.33799356270674, 18.34260784010262], [-103.33428599719959, 18.30651491173875], [-103.29939210349652, 18.291772318346503]]]}, "properties": {"h3_index": "8649ae9afffffff", "conteo": 8}}, {"type": "Feature", "geometry": {"type": "Polygon", "coordinates": [[[-99.09232299566139, 17.31387465735801], [-99.06117801447132, 17.33435413942969], [-99.06363146081047, 17.37007511130727], [-99.09724843974551, 17.385320603711282], [-99.12840548516023, 17.36483287765846], [-99.12593348710304, 17.329107908732635], [-99.09232299566139, 17.31387465735801]]]}, "properties": {"h3_index": "8649b001fffffff", "conteo": 80}}, {"type": "Feature", "geometry": {"type": "Polygon", "coordinates": [[[-99.28662982482282, 17.29802949687663], [-99.25548998736761, 17.318548390373266], [-99.25799909574863, 17.354281207596102], [-99.29166659970687, 17.369498988050353], [-99.3228183610233, 17.348971774164628], [-99.32029069432114, 17.313235105792376], [-99.28662982482282, 17.29802949687663]]]}, "properties": {"h3_index": "8649b0067ffffff", "conteo": 91}}, {"type": "Feature", "geometry": {"type": "Polygon", "coordinates": [[[-100.29066901333117, 18.025178661162357], [-100.25937199844667, 18.045916039237405], [-100.2621858708146, 18.081833293089122], [-100.29631556444626, 18.09701634883754], [-100.32762390283092, 18.076270479570905], [-100.32479122448022, 18.040350051432146], [-100.29066901333117, 18.025178661162357]]]}, "properties": {"h3_index": "8649b106fffffff", "conteo": 3}}, {"type": "Feature", "geometry": {"type": "Polygon", "coordinates": [[[-99.4701968443774, 18.039146871157875], [-99.43888010219881, 18.05971462893714], [-99.44145674073239, 18.095579570368987], [-99.47536890295387, 18.110880551815512], [-99.50669757403834, 18.090304605367272], [-99.50410215390181, 18.054435871721566], [-99.4701968443774, 18.039146871157875]]]}, "properties": {"h3_index": "8649b1487ffffff", "conteo": 3}}, {"type": "Feature", "geometry": {"type": "Polygon", "coordinates": [[[-99.5354167635422, 18.03385454370858], [-99.50410215390181, 18.054435871721566], [-99.50669757403834, 18.090304605367272], [-99.54062638690112, 18.10559575946269], [-99.57195287722085, 18.0850062172042], [-99.56933867394363, 18.04913374068505], [-99.5354167635422, 18.03385454370858]]]}, "properties": {"h3_index": "8649b14afffffff", "conteo": 3}}, {"type": "Feature", "geometry": {"type": "Polygon", "coordinates": [[[-100.00878632652594, 18.211595564747544], [-99.97743718017888, 18.232277721387785], [-99.98017340133775, 18.2682050810685], [-100.01427762205529, 18.283453694914083], [-100.04563833435314, 18.26276319874011], [-100.04288326021116, 18.22683243390016], [-100.00878632652594, 18.211595564747544]]]}, "properties": {"h3_index": "8649b1777ffffff", "conteo": 3}}, {"type": "Feature", "geometry": {"type": "Polygon", "coordinates": [[[-98.27650690050717, 18.293921680508664], [-98.24512629240022, 18.314235917916182], [-98.24736163278371, 18.350046838978248], [-98.28099635519645, 18.365548233227624], [-98.3123897861151, 18.345226331236912], [-98.31013567100871, 18.309410704964577], [-98.27650690050717, 18.293921680508664]]]}, "properties": {"h3_index": "8649b22cfffffff", "conteo": 3}}, {"type": "Feature", "geometry": {"type": "Polygon", "coordinates": [[[-98.02298224068849, 17.34397127043734], [-97.99183493885928, 17.364229053224857], [-97.99398092944992, 17.39986783935398], [-98.02729269800304, 17.415253635288103], [-98.05845280683657, 17.394988023843617], [-98.05628833918479, 17.359344450495936], [-98.02298224068849, 17.34397127043734]]]}, "properties": {"h3_index": "8649b28b7ffffff", "conteo": 5}}, {"type": "Feature", "geometry": {"type": "Polygon", "coordinates": [[[-99.1089535267113, 18.500861079751648], [-99.07752122087635, 18.52135519721625], [-99.0800020673144, 18.557262025813554], [-99.11393411606271, 18.57267885112139], [-99.14537869790068, 18.552176806643054], [-99.14287895467635, 18.5162658693845], [-99.1089535267113, 18.500861079751648]]]}, "properties": {"h3_index": "8649b3047ffffff", "conteo": 60}}, {"type": "Feature", "geometry": {"type": "Polygon", "coordinates": [[[-99.04361303770283, 18.50594048969937], [-99.01217913022252, 18.526420557503894], [-99.01464108239234, 18.562323228176172], [-99.04855583596068, 18.577749994472743], [-99.0800020673144, 18.557262025813554], [-99.07752122087635, 18.52135519721625], [-99.04361303770283, 18.50594048969937]]]}, "properties": {"h3_index": "8649b3057ffffff", "conteo": 3}}, {"type": "Feature", "geometry": {"type": "Polygon", "coordinates": [[[-99.13788373293828, 18.44445999825057], [-99.10646535668997, 18.464960187665362], [-99.1089535267113, 18.500861079751648], [-99.14287895467635, 18.5162658693845], [-99.17430957540688, 18.495757726476167], [-99.17180252339683, 18.459852752948397], [-99.13788373293828, 18.44445999825057]]]}, "properties": {"h3_index": "8649b3067ffffff", "conteo": 6}}, {"type": "Feature", "geometry": {"type": "Polygon", "coordinates": [[[-99.19568042054846, 18.331658040693643], [-99.16428991551119, 18.35217014345714], [-99.16679269465419, 18.388058934267953], [-99.20070483093538, 18.40343965483026], [-99.23210751753572, 18.382919545773426], [-99.22958588603366, 18.347026727979433], [-99.19568042054846, 18.331658040693643]]]}, "properties": {"h3_index": "8649b316fffffff", "conteo": 4}}, {"type": "Feature", "geometry": {"type": "Polygon", "coordinates": [[[-99.27617823711189, 18.541934314832837], [-99.24473720512167, 18.56246443797384], [-99.24726745716616, 18.598389386514075], [-99.28125765943534, 18.61378820519898], [-99.31271085458563, 18.59325010328619], [-99.3101616840955, 18.55732116699788], [-99.27617823711189, 18.541934314832837]]]}, "properties": {"h3_index": "8649b3327ffffff", "conteo": 6}}, {"type": "Feature", "geometry": {"type": "Polygon", "coordinates": [[[-98.55058069909163, 18.48947868208666], [-98.51915058332153, 18.50985202090019], [-98.52146894329167, 18.54571396990316], [-98.55523627305135, 18.56120710832703], [-98.58667905933959, 18.540826052975643], [-98.5843418447073, 18.504959581163472], [-98.55058069909163, 18.48947868208666]]]}, "properties": {"h3_index": "8649b340fffffff", "conteo": 4}}, {"type": "Feature", "geometry": {"type": "Polygon", "coordinates": [[[-98.5796714027342, 18.433242716737887], [-98.54825489802897, 18.453622500352036], [-98.55058069909163, 18.48947868208666], [-98.5843418447073, 18.504959581163472], [-98.61577098844701, 18.484572054129835], [-98.61342634691188, 18.44871137687069], [-98.5796714027342, 18.433242716737887]]]}, "properties": {"h3_index": "8649b342fffffff", "conteo": 23}}, {"type": "Feature", "geometry": {"type": "Polygon", "coordinates": [[[-99.34744839639293, 18.1572473848045], [-99.31610162455812, 18.177790503461612], [-99.31864503026422, 18.213664517948352], [-99.3525540174324, 18.22899931532911], [-99.3839128287758, 18.208448085788994], [-99.38135061327552, 18.17257017531026], [-99.34744839639293, 18.1572473848045]]]}, "properties": {"h3_index": "8649b384fffffff", "conteo": 150}}, {"type": "Feature", "geometry": {"type": "Polygon", "coordinates": [[[-99.3762305416117, 18.10083111086888], [-99.34489775791715, 18.12137978974159], [-99.34744839639293, 18.1572473848045], [-99.38135061327552, 18.17257017531026], [-99.41269540520703, 18.15201335945102], [-99.41012597186939, 18.116141895637515], [-99.3762305416117, 18.10083111086888]]]}, "properties": {"h3_index": "8649b386fffffff", "conteo": 10}}, {"type": "Feature", "geometry": {"type": "Polygon", "coordinates": [[[-99.34160081566392, 18.536777041328474], [-99.3101616840955, 18.55732116699788], [-99.31271085458563, 18.59325010328619], [-99.34671807691305, 18.608638857722493], [-99.37816932324641, 18.58808672729873], [-99.3756012323155, 18.552153852740283], [-99.34160081566392, 18.536777041328474]]]}, "properties": {"h3_index": "8649b3ad7ffffff", "conteo": 9}}, {"type": "Feature", "geometry": {"type": "Polygon", "coordinates": [[[-99.48573064027117, 18.254415132084283], [-99.45436188247493, 18.274988220810265], [-99.45694730929279, 18.31088655007054], [-99.49092033886298, 18.326215598496113], [-99.52230105409727, 18.305634373909125], [-99.51969678223854, 18.26973224233337], [-99.48573064027117, 18.254415132084283]]]}, "properties": {"h3_index": "8649b3b0fffffff", "conteo": 3}}, {"type": "Feature", "geometry": {"type": "Polygon", "coordinates": [[[-99.51449267247901, 18.197944502043725], [-99.48313800032219, 18.218523152286252], [-99.48573064027117, 18.254415132084283], [-99.51969678223854, 18.26973224233337], [-99.55106338049313, 18.24914543017113], [-99.54845191061507, 18.213249675260975], [-99.51449267247901, 18.197944502043725]]]}, "properties": {"h3_index": "8649b3b2fffffff", "conteo": 16}}, {"type": "Feature", "geometry": {"type": "Polygon", "coordinates": [[[-99.35510900244266, 18.264883596687106], [-99.32373617538481, 18.285429162988052], [-99.32628391724126, 18.321319739370857], [-99.360223327571, 18.336668656139835], [-99.39160820868602, 18.31611500548707], [-99.38904162525134, 18.280220527974183], [-99.35510900244266, 18.264883596687106]]]}, "properties": {"h3_index": "8649b3bafffffff", "conteo": 21}}, {"type": "Feature", "geometry": {"type": "Polygon", "coordinates": [[[-99.2533921997817, 18.218857375977663], [-99.2220295817304, 18.239381084722048], [-99.22454691934091, 18.275257470347594], [-99.25844569746369, 18.29061412527528], [-99.28982043432235, 18.270082357653404], [-99.28728427402773, 18.234201999525016], [-99.2533921997817, 18.218857375977663]]]}, "properties": {"h3_index": "8649b3bb7ffffff", "conteo": 3}}, {"type": "Feature", "geometry": {"type": "Polygon", "coordinates": [[[-99.52019749459984, 16.471243452120557], [-99.48925791235344, 16.491788337623035], [-99.49181797462144, 16.527391708911377], [-99.52533595399659, 16.54245378656586], [-99.55628714464797, 16.521900277337124], [-99.5537087474576, 16.48629331982139], [-99.52019749459984, 16.471243452120557]]]}, "properties": {"h3_index": "8649b4207ffffff", "conteo": 457}}, {"type": "Feature", "geometry": {"type": "Polygon", "coordinates": [[[-100.38160567997805, 17.097115089700665], [-100.3505342790227, 17.117848001340256], [-100.35335427678126, 17.153620810200323], [-100.38726421650405, 17.168663724929676], [-100.41834671314326, 17.147922044693964], [-100.41550817481729, 17.11214622404816], [-100.38160567997805, 17.097115089700665]]]}, "properties": {"h3_index": "8649b538fffffff", "conteo": 12}}, {"type": "Feature", "geometry": {"type": "Polygon", "coordinates": [[[-100.07705589195707, 16.961727670169278], [-100.04600906789109, 16.982396652934007], [-100.0487387128672, 17.018126657800085], [-100.08253367702757, 17.033190911338064], [-100.11359179651076, 17.012513232476348], [-100.11084365667823, 16.976780001866768], [-100.07705589195707, 16.961727670169278]]]}, "properties": {"h3_index": "8649b5727ffffff", "conteo": 11}}, {"type": "Feature", "geometry": {"type": "Polygon", "coordinates": [[[-100.2517007791933, 17.108477431410456], [-100.22062312603946, 17.1291851430064], [-100.22340604171397, 17.16495178026453], [-100.25728515205971, 17.180013822094626], [-100.28837399840472, 17.15929739070241], [-100.28557254157805, 17.12352764298472], [-100.2517007791933, 17.108477431410456]]]}, "properties": {"h3_index": "8649b576fffffff", "conteo": 119}}, {"type": "Feature", "geometry": {"type": "Polygon", "coordinates": [[[-94.9999072575299, 16.225675414950377], [-94.96915574158584, 16.24528848092904], [-94.97042323421708, 16.280408503956583], [-95.00245997278952, 16.295922248927187], [-95.03322593066869, 16.276302263442723], [-95.03194070552898, 16.241175457265154], [-94.9999072575299, 16.225675414950377]]]}, "properties": {"h3_index": "866d06907ffffff", "conteo": 5}}, {"type": "Feature", "geometry": {"type": "Polygon", "coordinates": [[[-92.58767955509246, 17.313499955213764], [-92.55688441623795, 17.332547976637958], [-92.557478675939, 17.367545516405194], [-92.5888855634139, 17.383503582206956], [-92.61969667092694, 17.36445000779937], [-92.61908491854615, 17.329443924601357], [-92.58767955509246, 17.313499955213764]]]}, "properties": {"h3_index": "866d2022fffffff", "conteo": 3}}, {"type": "Feature", "geometry": {"type": "Polygon", "coordinates": [[[-93.24823140963984, 17.543009826048685], [-93.21731024178952, 17.56220373842783], [-93.21809219432305, 17.597334781434405], [-93.24981303356456, 17.61328006018485], [-93.28074989770546, 17.59408037143875], [-93.27995022284563, 17.558941184524382], [-93.24823140963984, 17.543009826048685]]]}, "properties": {"h3_index": "866d20457ffffff", "conteo": 41}}, {"type": "Feature", "geometry": {"type": "Polygon", "coordinates": [[[-93.2157476493477, 17.491959770953], [-93.18484218178216, 17.511147905798893], [-93.18561462964125, 17.546265808234118], [-93.21731024178952, 17.56220373842783], [-93.24823140963984, 17.543009826048685], [-93.24744126157707, 17.507883765217453], [-93.2157476493477, 17.491959770953]]]}, "properties": {"h3_index": "866d2045fffffff", "conteo": 28}}, {"type": "Feature", "geometry": {"type": "Polygon", "coordinates": [[[-92.56105120616417, 17.577658949964153], [-92.53019475686736, 17.596690244383407], [-92.53078273237873, 17.631728972051615], [-92.56224471225774, 17.647745006873247], [-92.5931172099654, 17.62870825292313], [-92.59251167558682, 17.59366092768661], [-92.56105120616417, 17.577658949964153]]]}, "properties": {"h3_index": "866d20a8fffffff", "conteo": 307}}, {"type": "Feature", "geometry": {"type": "Polygon", "coordinates": [[[-93.10185446039578, 18.02561585276816], [-93.070830296272, 18.044756558832503], [-93.07157361154222, 18.079945894755678], [-93.10335890915349, 18.096002832925972], [-93.13439896475207, 18.076856563263977], [-93.13363782768512, 18.04165892317518], [-93.10185446039578, 18.02561585276816]]]}, "properties": {"h3_index": "866d20c07ffffff", "conteo": 8}}, {"type": "Feature", "geometry": {"type": "Polygon", "coordinates": [[[-93.13668494462341, 18.182483353181873], [-93.10561875568952, 18.201625593603655], [-93.10637288553544, 18.23684435690739], [-93.13821107537441, 18.25292918514689], [-93.1692931773245, 18.2337814137604], [-93.16852117284357, 18.19855434924754], [-93.13668494462341, 18.182483353181873]]]}, "properties": {"h3_index": "866d20d17ffffff", "conteo": 7}}, {"type": "Feature", "geometry": {"type": "Polygon", "coordinates": [[[-93.10411176785568, 18.131204806334217], [-93.073061495766, 18.150341514606968], [-93.07380606542411, 18.18554774807087], [-93.10561875568952, 18.201625593603655], [-93.13668494462341, 18.182483353181873], [-93.13592252286038, 18.147268803517512], [-93.10411176785568, 18.131204806334217]]]}, "properties": {"h3_index": "866d20d1fffffff", "conteo": 24}}, {"type": "Feature", "geometry": {"type": "Polygon", "coordinates": [[[-93.00877752119384, 18.083013369995598], [-92.97774894642262, 18.102129439641], [-92.97846616076481, 18.13731470913058], [-93.01022976102706, 18.153392285909025], [-93.04127428917427, 18.134270711989906], [-93.04053926005399, 18.09907706968079], [-93.00877752119384, 18.083013369995598]]]}, "properties": {"h3_index": "866d20d57ffffff", "conteo": 6}}, {"type": "Feature", "geometry": {"type": "Polygon", "coordinates": [[[-92.3026335249055, 16.96057527715543], [-92.27195670373787, 16.97956991577116], [-92.27246943429704, 17.01446273094337], [-92.30367630268083, 17.03036958684173], [-92.33436913982075, 17.011369413611376], [-92.33383908874606, 16.976467923057935], [-92.3026335249055, 16.96057527715543]]]}, "properties": {"h3_index": "866d2155fffffff", "conteo": 9}}, {"type": "Feature", "geometry": {"type": "Polygon", "coordinates": [[[-92.0800667699289, 16.501304389100387], [-92.04952744739353, 16.520263361730382], [-92.04997631059372, 16.555037258507085], [-92.0809816280113, 16.57086093338858], [-92.11153695402007, 16.55189638363194], [-92.11107095522259, 16.51711374004096], [-92.0800667699289, 16.501304389100387]]]}, "properties": {"h3_index": "866d21647ffffff", "conteo": 3}}, {"type": "Feature", "geometry": {"type": "Polygon", "coordinates": [[[-91.59554645169068, 17.256053414108738], [-91.56488522519479, 17.274870098567174], [-91.56520123806607, 17.309707136387505], [-91.5961956784366, 17.32573665971884], [-91.62687332158735, 17.306914850466097], [-91.62654010351305, 17.272068646391585], [-91.59554645169068, 17.256053414108738]]]}, "properties": {"h3_index": "866d2186fffffff", "conteo": 6}}, {"type": "Feature", "geometry": {"type": "Polygon", "coordinates": [[[-92.34075280531417, 17.430678362934408], [-92.30995739034364, 17.449663740981286], [-92.31048271193879, 17.484645009881692], [-92.34182090451493, 17.50064962369009], [-92.37263243672825, 17.481658839424234], [-92.37208965523826, 17.44666885151292], [-92.34075280531417, 17.430678362934408]]]}, "properties": {"h3_index": "866d21d87ffffff", "conteo": 15}}, {"type": "Feature", "geometry": {"type": "Polygon", "coordinates": [[[-92.97440676478224, 16.4011615213786], [-92.94379021418453, 16.420326433991498], [-92.94448846885848, 16.455213080290896], [-92.97582061093792, 16.470942976753122], [-93.00645271454432, 16.451772062450374], [-93.00573711955899, 16.416877257577017], [-92.97440676478224, 16.4011615213786]]]}, "properties": {"h3_index": "866d2305fffffff", "conteo": 3}}, {"type": "Feature", "geometry": {"type": "Polygon", "coordinates": [[[-93.19251686136903, 16.441329375115806], [-93.1618680686035, 16.460542363527498], [-93.1626277086519, 16.49546759331352], [-93.19405354249628, 16.51118786167223], [-93.2247177897938, 16.491968788469283], [-93.22394074530926, 16.45703553596266], [-93.19251686136903, 16.441329375115806]]]}, "properties": {"h3_index": "866d2308fffffff", "conteo": 15}}, {"type": "Feature", "geometry": {"type": "Polygon", "coordinates": [[[-93.06844561216907, 16.44831111644743], [-93.0378078756102, 16.467496067800234], [-93.03853274899049, 16.502405129198852], [-93.0699127317295, 16.518137348125926], [-93.10056598634834, 16.49894636818185], [-93.0998237367042, 16.4640292021287], [-93.06844561216907, 16.44831111644743]]]}, "properties": {"h3_index": "866d230e7ffffff", "conteo": 21}}, {"type": "Feature", "geometry": {"type": "Polygon", "coordinates": [[[-93.2223879494711, 16.387189465242223], [-93.1917491601612, 16.406410339402267], [-93.19251686136903, 16.441329375115806], [-93.22394074530926, 16.45703553596266], [-93.2545949610552, 16.43780854780986], [-93.25380986303747, 16.40288151707893], [-93.2223879494711, 16.387189465242223]]]}, "properties": {"h3_index": "866d23727ffffff", "conteo": 3}}, {"type": "Feature", "geometry": {"type": "Polygon", "coordinates": [[[-92.41620970650028, 18.269085830241274], [-92.38520052365094, 18.288050633147442], [-92.38575064494857, 18.323179186813128], [-92.41732765868987, 18.33935172464597], [-92.4483531374971, 18.320381742512318], [-92.44778530267789, 18.28524440569486], [-92.41620970650028, 18.269085830241274]]]}, "properties": {"h3_index": "866d242efffffff", "conteo": 7}}, {"type": "Feature", "geometry": {"type": "Polygon", "coordinates": [[[-92.17561906654444, 14.523643121752867], [-92.14554029341811, 14.542662785283465], [-92.14600855941693, 14.57703420365779], [-92.17657222991711, 14.592394312395502], [-92.20666647295198, 14.573368433987955], [-92.20618157188181, 14.538988665815868], [-92.17561906654444, 14.523643121752867]]]}, "properties": {"h3_index": "866d2a31fffffff", "conteo": 7}}, {"type": "Feature", "geometry": {"type": "Polygon", "coordinates": [[[-92.21250596223987, 14.986543744745957], [-92.18231309575533, 15.005566533718094], [-92.18279320171409, 15.040048295768488], [-92.21348293683077, 15.055515683396774], [-92.24369136964755, 15.036486800507753], [-92.2431944972942, 15.00199662797862], [-92.21250596223987, 14.986543744745957]]]}, "properties": {"h3_index": "866d2a8c7ffffff", "conteo": 3}}, {"type": "Feature", "geometry": {"type": "Polygon", "coordinates": [[[-92.0651163610229, 15.357643950366276], [-92.034852946431, 15.376628713221784], [-92.03529372846945, 15.41116888300486], [-92.0660147465808, 15.426732861587965], [-92.09629388532139, 15.407742179741158], [-92.0958362779848, 15.373193442300108], [-92.0651163610229, 15.357643950366276]]]}, "properties": {"h3_index": "866d2e2d7ffffff", "conteo": 12}}, {"type": "Feature", "geometry": {"type": "Polygon", "coordinates": [[[-92.10596192749884, 16.13495298713975], [-92.07550761376231, 16.153928845523843], [-92.07596239775303, 16.188635473044336], [-92.1068885354105, 16.20437491833327], [-92.13735874852327, 16.185393358950435], [-92.13688692073217, 16.150678059231225], [-92.10596192749884, 16.13495298713975]]]}, "properties": {"h3_index": "866d2e88fffffff", "conteo": 9}}, {"type": "Feature", "geometry": {"type": "Polygon", "coordinates": [[[-92.41154779672178, 16.014227317019365], [-92.38108636374268, 16.03327506764486], [-92.38162562861616, 16.06800363716571], [-92.41264341523109, 16.083692919346817], [-92.44312057614198, 16.064639296613866], [-92.44256421878113, 16.029902267864436], [-92.41154779672178, 16.014227317019365]]]}, "properties": {"h3_index": "866d2eccfffffff", "conteo": 3}}, {"type": "Feature", "geometry": {"type": "Polygon", "coordinates": [[[-95.04095233942202, 16.487208850381982], [-95.01013521034882, 16.506829174796582], [-95.0114169154067, 16.54200434224851], [-95.04353355973348, 16.55756598214406], [-95.07436516653053, 16.537938795884806], [-95.07306564877105, 16.502756836342044], [-95.04095233942202, 16.487208850381982]]]}, "properties": {"h3_index": "866d3176fffffff", "conteo": 3}}, {"type": "Feature", "geometry": {"type": "Polygon", "coordinates": [[[-97.5481043105943, 16.95088594241674], [-97.51706058877257, 16.971041043040078], [-97.51906380167897, 17.00656897095869], [-97.55212905149337, 17.02194688951811], [-97.58318581692349, 17.001784037889568], [-97.58116428774503, 16.966251024009257], [-97.5481043105943, 16.95088594241674]]]}, "properties": {"h3_index": "866d3241fffffff", "conteo": 3}}, {"type": "Feature", "geometry": {"type": "Polygon", "coordinates": [[[-96.42694621167813, 16.9783092093541], [-96.3959332123179, 16.998226533055096], [-96.39761552383344, 17.03364824662249], [-96.43032901373614, 17.04915853315857], [-96.46135577654856, 17.029233914378132], [-96.45965528420322, 16.993806309211795], [-96.42694621167813, 16.9783092093541]]]}, "properties": {"h3_index": "866d32a6fffffff", "conteo": 12}}, {"type": "Feature", "geometry": {"type": "Polygon", "coordinates": [[[-95.4868778213858, 18.159984674775103], [-95.45562645254228, 18.17967775290048], [-95.45705317002182, 18.21519196185477], [-95.48974962060296, 18.231019795635675], [-95.52101558717668, 18.211320153032368], [-95.51957050307105, 18.175799245923418], [-95.4868778213858, 18.159984674775103]]]}, "properties": {"h3_index": "866d34257ffffff", "conteo": 3}}, {"type": "Feature", "geometry": {"type": "Polygon", "coordinates": [[[-96.46913595654715, 18.526877721311575], [-96.43774463294389, 18.546786907603273], [-96.43945948775902, 18.58246281005519], [-96.47258429561236, 18.598235575289824], [-96.50398969214028, 18.578319518594856], [-96.50225620604455, 18.54263757208371], [-96.46913595654715, 18.526877721311575]]]}, "properties": {"h3_index": "866d34497ffffff", "conteo": 7}}, {"type": "Feature", "geometry": {"type": "Polygon", "coordinates": [[[-96.05845139547274, 18.01743911859269], [-96.02720352383074, 18.037265070771735], [-96.02879319156814, 18.072820885143656], [-96.06164915017548, 18.088557031277578], [-96.09291123965798, 18.068724232402705], [-96.0913031506425, 18.033162139030743], [-96.05845139547274, 18.01743911859269]]]}, "properties": {"h3_index": "866d346dfffffff", "conteo": 6}}, {"type": "Feature", "geometry": {"type": "Polygon", "coordinates": [[[-96.06324938535616, 18.1241245434957], [-96.03197522734891, 18.14394960807152], [-96.03356759691674, 18.17952246437503], [-96.06645257520952, 18.195276549014057], [-96.0977409718076, 18.175444666611856], [-96.0961301494694, 18.13986552233475], [-96.06324938535616, 18.1241245434957]]]}, "properties": {"h3_index": "866d346f7ffffff", "conteo": 5}}, {"type": "Feature", "geometry": {"type": "Polygon", "coordinates": [[[-96.10680082681361, 19.08650406813239], [-96.07528810648905, 19.10631522882705], [-96.07690510457151, 19.14203078441721], [-96.11005356073896, 19.157941546679407], [-96.14158070838431, 19.13812383030044], [-96.13994497046633, 19.102401912255868], [-96.10680082681361, 19.08650406813239]]]}, "properties": {"h3_index": "866d34dafffffff", "conteo": 297}}, {"type": "Feature", "geometry": {"type": "Polygon", "coordinates": [[[-95.28691586415944, 17.958680278456978], [-95.25572605028988, 17.978332459234224], [-95.25709308554067, 18.013792211381546], [-95.2896682052247, 18.029606601340465], [-95.32087268963706, 18.009947882102452], [-95.31948738135894, 17.97448131612228], [-95.28691586415944, 17.958680278456978]]]}, "properties": {"h3_index": "866d35427ffffff", "conteo": 7}}, {"type": "Feature", "geometry": {"type": "Polygon", "coordinates": [[[-95.44850495689768, 18.002191629232055], [-95.4172944708624, 18.0218796568364], [-95.41870840610363, 18.057364981965616], [-95.4513511395322, 18.07316899061339], [-95.48257621019417, 18.05347436861015], [-95.48114396042104, 18.017982337152592], [-95.44850495689768, 18.002191629232055]]]}, "properties": {"h3_index": "866d35587ffffff", "conteo": 3}}, {"type": "Feature", "geometry": {"type": "Polygon", "coordinates": [[[-94.27010832454607, 18.01748878055605], [-94.23897817127877, 18.036904788060248], [-94.24005436207841, 18.07224948078701], [-94.27227879189023, 18.088185691313598], [-94.30342421174352, 18.068763601374595], [-94.3023299322011, 18.03341138782803], [-94.27010832454607, 18.01748878055605]]]}, "properties": {"h3_index": "866d35b47ffffff", "conteo": 5}}, {"type": "Feature", "geometry": {"type": "Polygon", "coordinates": [[[-95.137606588834, 18.234208918344837], [-95.10635909158133, 18.25381967461694], [-95.10768610442025, 18.28930460309329], [-95.14027893640689, 18.30518573054614], [-95.17154125582753, 18.2855685807629], [-95.17019591853422, 18.250076701743875], [-95.137606588834, 18.234208918344837]]]}, "properties": {"h3_index": "866d35c1fffffff", "conteo": 3}}, {"type": "Feature", "geometry": {"type": "Polygon", "coordinates": [[[-96.56328840307164, 18.46710493541551], [-96.53190785982997, 18.487036714722993], [-96.53364917951282, 18.52271361689336], [-96.56678966813885, 18.538464714873093], [-96.59818421113731, 18.518526008875664], [-96.5964242639628, 18.482843136626844], [-96.56328840307164, 18.46710493541551]]]}, "properties": {"h3_index": "866d36847ffffff", "conteo": 31}}, {"type": "Feature", "geometry": {"type": "Polygon", "coordinates": [[[-97.08002718629281, 18.432781574546155], [-97.04863664787666, 18.452830468302384], [-97.0505272020233, 18.488553818282714], [-97.08382698021961, 18.50423387379419], [-97.11523117641461, 18.484177831428486], [-97.11332193513833, 18.44844888731152], [-97.08002718629281, 18.432781574546155]]]}, "properties": {"h3_index": "866d36c57ffffff", "conteo": 9}}, {"type": "Feature", "geometry": {"type": "Polygon", "coordinates": [[[-97.0505272020233, 18.488553818282714], [-97.01912392940642, 18.508595260212708], [-97.02100674748888, 18.544323873174264], [-97.05431153631964, 18.56001667082941], [-97.08572849794842, 18.5399681082367], [-97.08382698021961, 18.50423387379419], [-97.0505272020233, 18.488553818282714]]]}, "properties": {"h3_index": "866d36c77ffffff", "conteo": 54}}, {"type": "Feature", "geometry": {"type": "Polygon", "coordinates": [[[-97.17417505269925, 18.372591085039762], [-97.1427964067867, 18.39266186193428], [-97.14471335941359, 18.428385440173248], [-97.17802763786793, 18.44404376615518], [-97.20941986693022, 18.423965785250584], [-97.20748423294813, 18.388236687546456], [-97.17417505269925, 18.372591085039762]]]}, "properties": {"h3_index": "866d36cc7ffffff", "conteo": 5}}]}