{"type": "FeatureCollection", "features": [{"type": "Feature", "geometry": {"type": "Polygon", "coordinates": [[[-87.04468107670424, 20.3699494815712], [-87.04030075393409, 20.372435424997104], [-87.04016627058259, 20.377359453127134], [-87.04441244557431, 20.379797786824373], [-87.04879315544127, 20.37731180360196], [-87.04892730320124, 20.37238752648432], [-87.04468107670424, 20.3699494815712]]]}, "properties": {"h3_index": "88450ac353fffff", "conteo": 41}}, {"type": "Feature", "geometry": {"type": "Polygon", "coordinates": [[[-86.49311291321492, 21.08706013053275], [-86.48872346415969, 21.08951180103539], [-86.48856668463895, 21.09443056600573], [-86.49279968896427, 21.096897916748723], [-86.49718953280359, 21.09444621700616], [-86.49734597751423, 21.08952719576533], [-86.49311291321492, 21.08706013053275]]]}, "properties": {"h3_index": "884519b8e7fffff", "conteo": 139}}, {"type": "Feature", "geometry": {"type": "Polygon", "coordinates": [[[-88.17600171037475, 18.287223383066305], [-88.17166330720369, 18.289781838646984], [-88.17157466812851, 18.294697597695336], [-88.17582476557104, 18.297055132404623], [-88.1801635361195, 18.29449661133175], [-88.18025184183158, 18.289580621048884], [-88.17600171037475, 18.287223383066305]]]}, "properties": {"h3_index": "88452a4953fffff", "conteo": 16}}, {"type": "Feature", "geometry": {"type": "Polygon", "coordinates": [[[-91.32434799778727, 17.477158205093417], [-91.31996527863527, 17.47983606300135], [-91.3200007172406, 17.484811951007817], [-91.32441922556328, 17.48711017220863], [-91.32880228322234, 17.48443221346221], [-91.32876649403906, 17.47945613436401], [-91.32434799778727, 17.477158205093417]]]}, "properties": {"h3_index": "88452da1bbfffff", "conteo": 3}}, {"type": "Feature", "geometry": {"type": "Polygon", "coordinates": [[[-91.4561926124209, 17.44154077509427], [-91.45180862787869, 17.44422339315667], [-91.4518493110935, 17.449201397145245], [-91.45627433000696, 17.451496972393613], [-91.4606586516804, 17.448814252038076], [-91.46061761729669, 17.44383605873798], [-91.4561926124209, 17.44154077509427]]]}, "properties": {"h3_index": "88452da755fffff", "conteo": 3}}, {"type": "Feature", "geometry": {"type": "Polygon", "coordinates": [[[-91.25702513586474, 17.278633809156403], [-91.25265061455045, 17.281310753817497], [-91.25268332027348, 17.2862801838243], [-91.25709089636686, 17.288572860527577], [-91.26146575572045, 17.2858958143681], [-91.2614327009287, 17.28092619301424], [-91.25702513586474, 17.278633809156403]]]}, "properties": {"h3_index": "88452dba33fffff", "conteo": 6}}, {"type": "Feature", "geometry": {"type": "Polygon", "coordinates": [[[-97.55950951561373, 22.23125380170607], [-97.55488774239352, 22.234115340730984], [-97.55518749829687, 22.239281900029628], [-97.5601094332713, 22.241587033996826], [-97.56473149535638, 22.23872536728493], [-97.5644313335983, 22.233558694307902], [-97.55950951561373, 22.23125380170607]]]}, "properties": {"h3_index": "88456d1603fffff", "conteo": 22}}, {"type": "Feature", "geometry": {"type": "Polygon", "coordinates": [[[-97.50986740205002, 22.117529896193734], [-97.50524994161783, 22.120390564884353], [-97.50554731131608, 22.125555447011205], [-97.51046254644885, 22.127859774734457], [-97.51508029594639, 22.124998978107765], [-97.51478252124186, 22.119833981708947], [-97.50986740205002, 22.117529896193734]]]}, "properties": {"h3_index": "88456d8d53fffff", "conteo": 145}}, {"type": "Feature", "geometry": {"type": "Polygon", "coordinates": [[[-97.49944392007555, 22.102592166483998], [-97.49482703789812, 22.105452579303126], [-97.49512392815063, 22.110617188646355], [-97.50003810546218, 22.112921499593728], [-97.50465527678766, 22.110060958838954], [-97.50435798164955, 22.104896235087512], [-97.49944392007555, 22.102592166483998]]]}, "properties": {"h3_index": "88456d8d5dfffff", "conteo": 9}}, {"type": "Feature", "geometry": {"type": "Polygon", "coordinates": [[[-107.54819604355515, 25.277725312909617], [-107.54356733935336, 25.280912761190677], [-107.54430639370477, 25.286131460486008], [-107.5496745653825, 25.288162673321818], [-107.55430339190872, 25.284975048083357], [-107.55356392444907, 25.279756386983383], [-107.54819604355515, 25.277725312909617]]]}, "properties": {"h3_index": "8848023451fffff", "conteo": 6}}, {"type": "Feature", "geometry": {"type": "Polygon", "coordinates": [[[-106.34450792679249, 25.117969120418437], [-106.33985824127646, 25.121118250885495], [-106.34054557294354, 25.12634102622026], [-106.34588300767278, 25.128414651441055], [-106.35053283915732, 25.12526534883202], [-106.34984508995794, 25.120042593161305], [-106.34450792679249, 25.117969120418437]]]}, "properties": {"h3_index": "884802494bfffff", "conteo": 3}}, {"type": "Feature", "geometry": {"type": "Polygon", "coordinates": [[[-107.22890644676883, 24.479092371143135], [-107.22429967066262, 24.482271167822415], [-107.22502068476268, 24.487491948524827], [-107.23034888440225, 24.489533898192203], [-107.23495578760988, 24.48635492155392], [-107.2342343640919, 24.481134175224163], [-107.22890644676883, 24.479092371143135]]]}, "properties": {"h3_index": "884802918dfffff", "conteo": 991}}, {"type": "Feature", "geometry": {"type": "Polygon", "coordinates": [[[-107.41763759006555, 24.457371671363134], [-107.41303598570079, 24.46055634480076], [-107.41376476940556, 24.46577644562478], [-107.41909556586693, 24.46781183567842], [-107.42369729355453, 24.46462698129945], [-107.42296810147363, 24.459406917825024], [-107.41763759006555, 24.457371671363134]]]}, "properties": {"h3_index": "8848029667fffff", "conteo": 110}}, {"type": "Feature", "geometry": {"type": "Polygon", "coordinates": [[[-108.28213382466089, 25.32631063547902], [-108.27752158233378, 25.329521042996184], [-108.27829166101354, 25.33473618386915], [-108.28367439160664, 25.336740867768395], [-108.28828674153196, 25.333530280444855], [-108.28751625328368, 25.32831518904512], [-108.28213382466089, 25.32631063547902]]]}, "properties": {"h3_index": "88480381a7fffff", "conteo": 49}}, {"type": "Feature", "geometry": {"type": "Polygon", "coordinates": [[[-108.59773235872552, 25.46309792615676], [-108.59312334719255, 25.46631790886461], [-108.59390743138437, 25.47153090139175], [-108.59930093581333, 25.473523857108066], [-108.60391004876145, 25.47030369409911], [-108.60312555588385, 25.465090755691516], [-108.59773235872552, 25.46309792615676]]]}, "properties": {"h3_index": "884803b117fffff", "conteo": 102}}, {"type": "Feature", "geometry": {"type": "Polygon", "coordinates": [[[-108.04466225545758, 25.26720104818508], [-108.04004613688323, 25.27040415299607], [-108.04080593538357, 25.275620651181413], [-108.04618226294659, 25.277633998675427], [-108.05079849382031, 25.274430714708505], [-108.0500382848489, 25.26921426242025], [-108.04466225545758, 25.26720104818508]]]}, "properties": {"h3_index": "884803d4ebfffff", "conteo": 13}}, {"type": "Feature", "geometry": {"type": "Polygon", "coordinates": [[[-108.09161562412966, 25.205875198712583], [-108.08700295483149, 25.209079869235104], [-108.08776434237647, 25.214296282263895], [-108.09313880905391, 25.216307978072848], [-108.09775158959351, 25.213103127857107], [-108.09698979223155, 25.20788676154235], [-108.09161562412966, 25.205875198712583]]]}, "properties": {"h3_index": "884803d6c3fffff", "conteo": 9}}, {"type": "Feature", "geometry": {"type": "Polygon", "coordinates": [[[-110.14124191487527, 27.24114586551395], [-110.1366110048476, 27.244409711593544], [-110.13747106653213, 27.24960068118872], [-110.14296244887926, 27.251527730166014], [-110.14759343075693, 27.248263708270358], [-110.14673295845964, 27.243072813229677], [-110.14124191487527, 27.24114586551395]]]}, "properties": {"h3_index": "88480871e3fffff", "conteo": 3}}, {"type": "Feature", "geometry": {"type": "Polygon", "coordinates": [[[-110.04650709134792, 27.32522708161869], [-110.04187008064656, 27.328487661817075], [-110.04272679579528, 27.333678660120032], [-110.04822093350519, 27.3356090052395], [-110.05285801816169, 27.332348249973315], [-110.05200089117513, 27.32715732467172], [-110.04650709134792, 27.32522708161869]]]}, "properties": {"h3_index": "88480878abfffff", "conteo": 3}}, {"type": "Feature", "geometry": {"type": "Polygon", "coordinates": [[[-109.26079728444111, 27.036452664097798], [-109.2561478376109, 27.03968933362454], [-109.2569697991223, 27.044888995125348], [-109.2624416226124, 27.046851925388346], [-109.2670911595798, 27.043615081794137], [-109.26626878294029, 27.038415482020962], [-109.26079728444111, 27.036452664097798]]]}, "properties": {"h3_index": "88480a9883fffff", "conteo": 15}}, {"type": "Feature", "geometry": {"type": "Polygon", "coordinates": [[[-109.55497280548192, 27.29344605328292], [-109.55032218893918, 27.296691132835058], [-109.55115819163115, 27.301886375768152], [-109.55664522584287, 27.30383647344156], [-109.56129592669437, 27.300591220219726], [-109.56045950904645, 27.295396043010655], [-109.55497280548192, 27.29344605328292]]]}, "properties": {"h3_index": "88480aba3bfffff", "conteo": 208}}, {"type": "Feature", "geometry": {"type": "Polygon", "coordinates": [[[-110.52915530694189, 27.547413190334687], [-110.52452503975474, 27.550688154670983], [-110.52540335250099, 27.555872728033567], [-110.53091234234428, 27.557782257323474], [-110.53554267348801, 27.554507117718902], [-110.53466395085489, 27.549322624108772], [-110.52915530694189, 27.547413190334687]]]}, "properties": {"h3_index": "88480b901bfffff", "conteo": 102}}, {"type": "Feature", "geometry": {"type": "Polygon", "coordinates": [[[-110.48108701267459, 27.569786298060755], [-110.47645436151494, 27.573059678446352], [-110.47733084397078, 27.578244465964413], [-110.48284038799679, 27.580155794108798], [-110.4874731041601, 27.57688223871205], [-110.48659621131668, 27.57169753019817], [-110.48108701267459, 27.569786298060755]]]}, "properties": {"h3_index": "88480b91cbfffff", "conteo": 9}}, {"type": "Feature", "geometry": {"type": "Polygon", "coordinates": [[[-111.20684023736074, 25.99647593338787], [-111.2022899090635, 25.999773647483593], [-111.20318481533023, 26.0049637270531], [-111.20863044462769, 26.006855999954304], [-111.21318082121131, 26.00355810017168], [-111.21228552023446, 25.9983681131902], [-111.20684023736074, 25.99647593338787]]]}, "properties": {"h3_index": "88480dc225fffff", "conteo": 3}}, {"type": "Feature", "geometry": {"type": "Polygon", "coordinates": [[[-103.13073696991971, 25.309976928038516], [-103.12602682064265, 25.31301510801596], [-103.12657720912821, 25.318236235356967], [-103.13183817517744, 25.320419213704216], [-103.1365485327274, 25.317380881262977], [-103.13599771596253, 25.312159722955514], [-103.13073696991971, 25.309976928038516]]]}, "properties": {"h3_index": "88481251b1fffff", "conteo": 10}}, {"type": "Feature", "geometry": {"type": "Polygon", "coordinates": [[[-103.27200759469798, 25.31359811683908], [-103.26729907807501, 25.31664130041136], [-103.26785560258102, 25.3218628253541], [-103.2731210717674, 25.324041195498125], [-103.27782979404273, 25.32099785856428], [-103.2772728414869, 25.315776304865228], [-103.27200759469798, 25.31359811683908]]]}, "properties": {"h3_index": "8848125559fffff", "conteo": 226}}, {"type": "Feature", "geometry": {"type": "Polygon", "coordinates": [[[-104.54356837958878, 26.14037887041963], [-104.53884687170138, 26.14346114939894], [-104.53946236385141, 26.148682172949595], [-104.54479979468113, 26.150820927263513], [-104.54952148657081, 26.147738491591312], [-104.54890556363895, 26.14251745831549], [-104.54356837958878, 26.14037887041963]]]}, "properties": {"h3_index": "88481308e5fffff", "conteo": 3}}, {"type": "Feature", "geometry": {"type": "Polygon", "coordinates": [[[-105.21051860863835, 23.458818949677593], [-105.20590822970506, 23.461935600512984], [-105.20653889983494, 23.467157796903532], [-105.21178035966447, 23.469263338438363], [-105.21639090237846, 23.466146512243753], [-105.21575982149332, 23.460924319890687], [-105.21051860863835, 23.458818949677593]]]}, "properties": {"h3_index": "884814bb41fffff", "conteo": 3}}, {"type": "Feature", "geometry": {"type": "Polygon", "coordinates": [[[-103.41286952086797, 24.51843757371568], [-103.4081926680456, 24.521490804794176], [-103.40875172420884, 24.52671306673966], [-103.41398805557522, 24.528882123300924], [-103.4186651088494, 24.525828733547804], [-103.41810563031316, 24.520606445925246], [-103.41286952086797, 24.51843757371568]]]}, "properties": {"h3_index": "88481678edfffff", "conteo": 3}}, {"type": "Feature", "geometry": {"type": "Polygon", "coordinates": [[[-104.401385988896, 24.007085059311816], [-104.39674216546346, 24.01017406674975], [-104.39734118725664, 24.01539745364532], [-104.40258444919623, 24.01753184259021], [-104.4072284531239, 24.014442667521333], [-104.40662901462653, 24.009219271155718], [-104.401385988896, 24.007085059311816]]]}, "properties": {"h3_index": "884816b62dfffff", "conteo": 147}}, {"type": "Feature", "geometry": {"type": "Polygon", "coordinates": [[[-106.04232840661969, 28.377063508095322], [-106.03754778469734, 28.380180433996667], [-106.03824035969582, 28.385381675722048], [-106.04371399811981, 28.38746598049957], [-106.04849478021464, 28.384348901514475], [-106.04780176372734, 28.379147670853254], [-106.04232840661969, 28.377063508095322]]]}, "properties": {"h3_index": "88481a2ec7fffff", "conteo": 51}}, {"type": "Feature", "geometry": {"type": "Polygon", "coordinates": [[[-105.54376561122484, 28.4974431655183], [-105.53897028990811, 28.50054048252231], [-105.53964173679478, 28.505741210679], [-105.54510894934172, 28.50784461850904], [-105.54990444146159, 28.504747151646896], [-105.54923255024467, 28.499546426830552], [-105.54376561122484, 28.4974431655183]]]}, "properties": {"h3_index": "88481a6cd3fffff", "conteo": 3}}, {"type": "Feature", "geometry": {"type": "Polygon", "coordinates": [[[-106.5113430274864, 28.234041157338247], [-106.50657797262211, 28.237176458969852], [-106.50729013563591, 28.242378147414684], [-106.51276779196729, 28.24444451587739], [-106.51753299689611, 28.241309058081097], [-106.51682039544431, 28.236107388004324], [-106.5113430274864, 28.234041157338247]]]}, "properties": {"h3_index": "88481bc0a9fffff", "conteo": 126}}, {"type": "Feature", "geometry": {"type": "Polygon", "coordinates": [[[-107.03933484069364, 26.4881498993564], [-107.03464888516288, 26.49131614505119], [-107.03537353126251, 26.496531600206616], [-107.04078455663904, 26.498580781045725], [-107.04547064729897, 26.49541436736785], [-107.04474557746892, 26.490198940851116], [-107.03933484069364, 26.4881498993564]]]}, "properties": {"h3_index": "88481c3937fffff", "conteo": 7}}, {"type": "Feature", "geometry": {"type": "Polygon", "coordinates": [[[-106.56981760018903, 26.046991054598802], [-106.56513790317165, 26.050143785366036], [-106.56583999352223, 26.05536307847806], [-106.57122220374941, 26.057429618888133], [-106.57590204440592, 26.0542767199765], [-106.57519953121071, 26.04905744881641], [-106.56981760018903, 26.046991054598802]]]}, "properties": {"h3_index": "88481c52c3fffff", "conteo": 3}}, {"type": "Feature", "geometry": {"type": "Polygon", "coordinates": [[[-107.5454914999201, 27.122438549202244], [-107.54079332930635, 27.125618318438157], [-107.54154334690114, 27.1308271931052], [-107.54699196072977, 27.13285626299498], [-107.55169025741942, 27.129676326920773], [-107.55093981422155, 27.12446748781221], [-107.5454914999201, 27.122438549202244]]]}, "properties": {"h3_index": "88481d4d8bfffff", "conteo": 8}}, {"type": "Feature", "geometry": {"type": "Polygon", "coordinates": [[[-108.3730016267885, 26.24666717202151], [-108.36835751817816, 26.24987821011123], [-108.36913713059533, 26.255089023091063], [-108.3745612668014, 26.257088748517848], [-108.37920548274356, 26.25387753535294], [-108.3784254551661, 26.248666771853205], [-108.3730016267885, 26.24666717202151]]]}, "properties": {"h3_index": "88481d92d3fffff", "conteo": 3}}, {"type": "Feature", "geometry": {"type": "Polygon", "coordinates": [[[-105.39888786325281, 26.54906339334942], [-105.39416562059233, 26.552172880217665], [-105.39482020248259, 26.557391583746078], [-105.40019745795723, 26.559500797274488], [-105.40491986895098, 26.556391151069693], [-105.40426485614918, 26.55117245069047], [-105.39888786325281, 26.54906339334942]]]}, "properties": {"h3_index": "88481ecd37fffff", "conteo": 27}}, {"type": "Feature", "geometry": {"type": "Polygon", "coordinates": [[[-109.41228619534243, 23.025610587351977], [-109.40778762094756, 23.028850935281252], [-109.40858980064193, 23.034057408502427], [-109.4138909431931, 23.03602346332902], [-109.41838959914591, 23.032782918392595], [-109.41758703100838, 23.027576515652722], [-109.41228619534243, 23.025610587351977]]]}, "properties": {"h3_index": "8848230db3fffff", "conteo": 61}}, {"type": "Feature", "geometry": {"type": "Polygon", "coordinates": [[[-110.18583405433796, 24.07909402243291], [-110.18132065232864, 24.082359509059906], [-110.1821609481255, 24.08756309706831], [-110.18751503592642, 24.08950111784254], [-110.19202850533013, 24.086235437565144], [-110.1911878195591, 24.081031930179645], [-110.18583405433796, 24.07909402243291]]]}, "properties": {"h3_index": "88482ad015fffff", "conteo": 13}}, {"type": "Feature", "geometry": {"type": "Polygon", "coordinates": [[[-111.40397503598399, 25.011340821963575], [-111.39946711730548, 25.01464260786537], [-111.40036288781177, 25.01983447207293], [-111.40576696405235, 25.02172445308221], [-111.4102749262255, 25.01842247542092], [-111.40937876868655, 25.01323070852503], [-111.40397503598399, 25.011340821963575]]]}, "properties": {"h3_index": "88482bc58bfffff", "conteo": 6}}, {"type": "Feature", "geometry": {"type": "Polygon", "coordinates": [[[-105.4615053040087, 22.497084183566926], [-105.45693412919576, 22.500209094736174], [-105.4575705508843, 22.505426129790347], [-105.46277855117101, 22.507518244346127], [-105.46734988262858, 22.504393151060878], [-105.46671305716616, 22.499176125352935], [-105.4615053040087, 22.497084183566926]]]}, "properties": {"h3_index": "884832a1ebfffff", "conteo": 4}}, {"type": "Feature", "geometry": {"type": "Polygon", "coordinates": [[[-105.51211591691083, 22.586858396817135], [-105.5075424379211, 22.589984897391624], [-105.50818142549389, 22.59520251934106], [-105.5133942962418, 22.59729363071253], [-105.51796793115028, 22.594166948247306], [-105.51732853940356, 22.58894933631843], [-105.51211591691083, 22.586858396817135]]]}, "properties": {"h3_index": "884832ae31fffff", "conteo": 3}}, {"type": "Feature", "geometry": {"type": "Polygon", "coordinates": [[[-106.04154571836506, 23.16483671968394], [-106.03696144403438, 23.167979554793114], [-106.03762554587668, 23.173199974910858], [-106.04287432803025, 23.175277542358042], [-106.04745874966075, 23.172134525772467], [-106.04679424185049, 23.166914123233145], [-106.04154571836506, 23.16483671968394]]]}, "properties": {"h3_index": "884833015bfffff", "conteo": 6}}, {"type": "Feature", "geometry": {"type": "Polygon", "coordinates": [[[-106.2499045080118, 23.118297081700106], [-106.24532606012774, 23.12144627798772], [-106.24599862964324, 23.126666180643788], [-106.25125005192605, 23.1287368660955], [-106.25582864302943, 23.12558748700048], [-106.25515566864371, 23.120367605278158], [-106.2499045080118, 23.118297081700106]]]}, "properties": {"h3_index": "884833143bfffff", "conteo": 691}}, {"type": "Feature", "geometry": {"type": "Polygon", "coordinates": [[[-106.52954944747795, 23.540202666948865], [-106.52496150823953, 23.54336045153845], [-106.5256480249777, 23.548581526360415], [-106.53092288741034, 23.550644791867057], [-106.53551096543697, 23.54748682542162], [-106.53482404225646, 23.542265775342372], [-106.52954944747795, 23.540202666948865]]]}, "properties": {"h3_index": "8848332669fffff", "conteo": 16}}, {"type": "Feature", "geometry": {"type": "Polygon", "coordinates": [[[-106.25134681966108, 23.554940956475463], [-106.24675261198028, 23.55809016184217], [-106.24742756078044, 23.56331181750089], [-106.25269712493635, 23.565384247469954], [-106.25729147679819, 23.562234861727518], [-106.25661612033623, 23.557013226408777], [-106.25134681966108, 23.554940956475463]]]}, "properties": {"h3_index": "8848332a11fffff", "conteo": 3}}, {"type": "Feature", "geometry": {"type": "Polygon", "coordinates": [[[-104.53206359230172, 21.295646065296932], [-104.52751967366815, 21.298741571433354], [-104.52811151901703, 21.303947407455748], [-104.53324768199239, 21.30605774101991], [-104.53779177124085, 21.30296205134066], [-104.53719952690837, 21.297756211657198], [-104.53206359230172, 21.295646065296932]]]}, "properties": {"h3_index": "884836581bfffff", "conteo": 30}}, {"type": "Feature", "geometry": {"type": "Polygon", "coordinates": [[[-117.0102392217152, 32.307234152573315], [-117.00568778038017, 32.31068136656145], [-117.00686797448003, 32.31568568421753], [-117.01259998848113, 32.317242633239864], [-117.01715135099684, 32.31379526351278], [-117.01597077836774, 32.3087911005151], [-117.0102392217152, 32.307234152573315]]]}, "properties": {"h3_index": "88484a6de7fffff", "conteo": 1270}}, {"type": "Feature", "geometry": {"type": "Polygon", "coordinates": [[[-117.03010756515769, 32.20957483562997], [-117.02556096985178, 32.213023240238215], [-117.0267409284542, 32.218029658938924], [-117.03246786004485, 32.21958751783342], [-117.0370143762248, 32.2161389570177], [-117.03583403997696, 32.21113269352769], [-117.03010756515769, 32.20957483562997]]]}, "properties": {"h3_index": "88484a6f1dfffff", "conteo": 10}}, {"type": "Feature", "geometry": {"type": "Polygon", "coordinates": [[[-112.08185572698032, 30.423336084195217], [-112.07716744120596, 30.42664491040642], [-112.07813215436597, 30.43177043476181], [-112.08378557053109, 30.43358703656045], [-112.0884738886783, 30.430278046734347], [-112.08750875831524, 30.42515261874033], [-112.08185572698032, 30.423336084195217]]]}, "properties": {"h3_index": "88485352adfffff", "conteo": 24}}, {"type": "Feature", "geometry": {"type": "Polygon", "coordinates": [[[-116.36764225413792, 32.33742975069504], [-116.36305855462135, 32.34085805296129], [-116.36421401220515, 32.345873986633386], [-116.36995355573654, 32.347461471120475], [-116.37453719074381, 32.344033012666344], [-116.37338134676516, 32.33901722592633], [-116.36764225413792, 32.33742975069504]]]}, "properties": {"h3_index": "884859a9b9fffff", "conteo": 6}}, {"type": "Feature", "geometry": {"type": "Polygon", "coordinates": [[[-115.28441585278873, 32.37676605579601], [-115.27978039353921, 32.38016131660054], [-115.2808932812666, 32.385195750586064], [-115.28664202733064, 32.38683479017635], [-115.29127744649325, 32.3834393728755], [-115.2901641597134, 32.378405072494864], [-115.28441585278873, 32.37676605579601]]]}, "properties": {"h3_index": "88485b96b3fffff", "conteo": 101}}, {"type": "Feature", "geometry": {"type": "Polygon", "coordinates": [[[-116.35257218156586, 31.476804975580766], [-116.34802181334409, 31.480238245469288], [-116.34916810351241, 31.485275477393802], [-116.35486514278895, 31.486879290032455], [-116.35941544778932, 31.483445859593218], [-116.35826877676989, 31.47840877707912], [-116.35257218156586, 31.476804975580766]]]}, "properties": {"h3_index": "88485d21c5fffff", "conteo": 59}}, {"type": "Feature", "geometry": {"type": "Polygon", "coordinates": [[[-113.32040915031682, 31.17741235003485], [-113.31573832071523, 31.180755448218054], [-113.31676051825899, 31.18584919334394], [-113.32245395653904, 31.18759972881593], [-113.32712479092261, 31.18425646908158], [-113.32610218227458, 31.17916283544163], [-113.32040915031682, 31.17741235003485]]]}, "properties": {"h3_index": "88485e55a9fffff", "conteo": 6}}, {"type": "Feature", "geometry": {"type": "Polygon", "coordinates": [[[-100.31027744863982, 28.41739049215817], [-100.30542121000542, 28.42028372865833], [-100.30585977333433, 28.42547132567698], [-100.3111550279665, 28.42776576253432], [-100.3160115388476, 28.42487241019513], [-100.31557252285137, 28.419684736854553], [-100.31027744863982, 28.41739049215817]]]}, "properties": {"h3_index": "8848802425fffff", "conteo": 147}}, {"type": "Feature", "geometry": {"type": "Polygon", "coordinates": [[[-100.51620299502244, 28.201599686526766], [-100.51135656003979, 28.20450474135], [-100.5118035484178, 28.20969601952101], [-100.5170974228835, 28.21198231606108], [-100.52194412542357, 28.20907714272599], [-100.52149668594248, 28.203885791379655], [-100.51620299502244, 28.201599686526766]]]}, "properties": {"h3_index": "884881d9c9fffff", "conteo": 10}}, {"type": "Feature", "geometry": {"type": "Polygon", "coordinates": [[[-100.10886451144935, 26.291083896799275], [-100.10409147651919, 26.293999393255287], [-100.10451357195026, 26.29920162925537], [-100.10970913934202, 26.30148844742688], [-100.11448244066139, 26.298572825543104], [-100.11405990820084, 26.293370510932153], [-100.10886451144935, 26.291083896799275]]]}, "properties": {"h3_index": "8848849821fffff", "conteo": 10}}, {"type": "Feature", "geometry": {"type": "Polygon", "coordinates": [[[-101.18103967827331, 27.547426469837266], [-101.17622368566039, 27.550367717452314], [-101.17669781766196, 27.555569183772405], [-101.1819883884908, 27.557829465346217], [-101.18680463375134, 27.55488809086293], [-101.18633005553882, 27.549686561691143], [-101.18103967827331, 27.547426469837266]]]}, "properties": {"h3_index": "8848850091fffff", "conteo": 8}}, {"type": "Feature", "geometry": {"type": "Polygon", "coordinates": [[[-99.29810105997508, 27.286409517853333], [-99.29328627657858, 27.28927899987887], [-99.29367579704474, 27.294468946490888], [-99.29888054444704, 27.296789502419728], [-99.30369561265532, 27.293919906736843], [-99.3033056486488, 27.2887298687988], [-99.29810105997508, 27.286409517853333]]]}, "properties": {"h3_index": "884886af4dfffff", "conteo": 771}}, {"type": "Feature", "geometry": {"type": "Polygon", "coordinates": [[[-100.5867680288062, 29.190447217211055], [-100.58188192626886, 29.193339112858535], [-100.58233579072791, 29.19851910356944], [-100.58767621633292, 29.200807270898963], [-100.5925625895709, 29.197915261121214], [-100.5921082665054, 29.19273519816138], [-100.5867680288062, 29.190447217211055]]]}, "properties": {"h3_index": "88488ed245fffff", "conteo": 32}}, {"type": "Feature", "geometry": {"type": "Polygon", "coordinates": [[[-102.11072145375869, 25.251968399914805], [-102.1060023073776, 25.25497028579658], [-102.10650816464603, 25.260187627085728], [-102.11173359757174, 25.26240312937616], [-102.11645297074324, 25.259401097593617], [-102.11594668420376, 25.25418370943847], [-102.11072145375869, 25.251968399914805]]]}, "properties": {"h3_index": "8848a0a4dbfffff", "conteo": 7}}, {"type": "Feature", "geometry": {"type": "Polygon", "coordinates": [[[-102.58206547568948, 25.450736360581715], [-102.57734361719147, 25.45375370832764], [-102.57787079732181, 25.45897271354648], [-102.58312026605398, 25.46117441072812], [-102.58784234345646, 25.458156914941057], [-102.58731473322845, 25.452937870030663], [-102.58206547568948, 25.450736360581715]]]}, "properties": {"h3_index": "8848a18107fffff", "conteo": 6}}, {"type": "Feature", "geometry": {"type": "Polygon", "coordinates": [[[-100.21382582498327, 25.554570125814536], [-100.20908168835389, 25.557498356758437], [-100.20950586751889, 25.562703625873667], [-100.21467461520237, 25.564980740588034], [-100.21941901326063, 25.56205237936689], [-100.21899440220773, 25.556847033725152], [-100.21382582498327, 25.554570125814536]]]}, "properties": {"h3_index": "8848a2035bfffff", "conteo": 4}}, {"type": "Feature", "geometry": {"type": "Polygon", "coordinates": [[[-100.17521332327041, 25.44721304603464], [-100.17047312691162, 25.450140988718328], [-100.17089524874545, 25.45534614527673], [-100.17605799806091, 25.457623436209566], [-100.18079845605558, 25.454695362953494], [-100.18037590310007, 25.449490129353467], [-100.17521332327041, 25.44721304603464]]]}, "properties": {"h3_index": "8848a21109fffff", "conteo": 21}}, {"type": "Feature", "geometry": {"type": "Polygon", "coordinates": [[[-100.1876530768549, 25.477793377045863], [-100.18291176482681, 25.48072145794962], [-100.18333453541214, 25.485926661740702], [-100.18849904936724, 25.488203861517437], [-100.19324062294781, 25.485275650114296], [-100.19281742102197, 25.48007036945031], [-100.1876530768549, 25.477793377045863]]]}, "properties": {"h3_index": "8848a21117fffff", "conteo": 28}}, {"type": "Feature", "geometry": {"type": "Polygon", "coordinates": [[[-100.27600607419538, 25.401295431896212], [-100.2712680967873, 25.404227699496847], [-100.27169447099239, 25.409433690425896], [-100.27685925345229, 25.411707489227165], [-100.2815974905783, 25.40877509002104], [-100.28117068552783, 25.403569023635676], [-100.27600607419538, 25.401295431896212]]]}, "properties": {"h3_index": "8848a21203fffff", "conteo": 9}}, {"type": "Feature", "geometry": {"type": "Polygon", "coordinates": [[[-100.24502463024758, 25.387651035800427], [-100.24028703000533, 25.3905822754234], [-100.24071200231222, 25.39578805089739], [-100.24587500560057, 25.39806266268784], [-100.25061286603396, 25.39513129162265], [-100.25018746298913, 25.389925440225745], [-100.24502463024758, 25.387651035800427]]]}, "properties": {"h3_index": "8848a21267fffff", "conteo": 10}}, {"type": "Feature", "geometry": {"type": "Polygon", "coordinates": [[[-100.18562854141673, 25.39157987524331], [-100.180890520722, 25.394508818986463], [-100.18131290859515, 25.399714135713264], [-100.18647374790348, 25.401990585553285], [-100.19121202982126, 25.399061510848743], [-100.19078921120882, 25.393856117282066], [-100.18562854141673, 25.39157987524331]]]}, "properties": {"h3_index": "8848a21363fffff", "conteo": 610}}, {"type": "Feature", "geometry": {"type": "Polygon", "coordinates": [[[-100.35177736174974, 25.474765401720845], [-100.347036937834, 25.477699751876443], [-100.34746688082004, 25.482906196511475], [-100.3526376791078, 25.485178365352485], [-100.35737836174829, 25.482243883415418], [-100.35694798737777, 25.477037364435375], [-100.35177736174974, 25.474765401720845]]]}, "properties": {"h3_index": "8848a21741fffff", "conteo": 3}}, {"type": "Feature", "geometry": {"type": "Polygon", "coordinates": [[[-100.11148218460359, 25.45923633835728], [-100.10674124973669, 25.462161723385723], [-100.10716062326789, 25.467366368321475], [-100.11232136284114, 25.469645706275447], [-100.11706256048275, 25.4667201912356], [-100.1166427557774, 25.46151546826967], [-100.11148218460359, 25.45923633835728]]]}, "properties": {"h3_index": "8848a21a0bfffff", "conteo": 42}}, {"type": "Feature", "geometry": {"type": "Polygon", "coordinates": [[[-100.03228140688269, 25.46438460035527], [-100.02753994437782, 25.467306909287775], [-100.02795586854523, 25.4725109244896], [-100.03311368638526, 25.474792710025902], [-100.03785541303554, 25.47187027172707], [-100.03743905770123, 25.46666617727471], [-100.03228140688269, 25.46438460035527]]]}, "properties": {"h3_index": "8848a21b01fffff", "conteo": 3}}, {"type": "Feature", "geometry": {"type": "Polygon", "coordinates": [[[-100.59666013608803, 25.246024350638844], [-100.59192973365872, 25.248970329713114], [-100.59236957835849, 25.25417884311231], [-100.59754025534461, 25.25644144784199], [-100.602270911332, 25.253495333850235], [-100.60183063677718, 25.248286750062928], [-100.59666013608803, 25.246024350638844]]]}, "properties": {"h3_index": "8848a2866bfffff", "conteo": 207}}, {"type": "Feature", "geometry": {"type": "Polygon", "coordinates": [[[-100.15161730186679, 25.401667876470714], [-100.14687874474045, 25.404595418970427], [-100.14729967918231, 25.409800459773614], [-100.15245960154499, 25.412078035464145], [-100.15719842051755, 25.40915036232245], [-100.15677705528229, 25.40394524414869], [-100.15161730186679, 25.401667876470714]]]}, "properties": {"h3_index": "8848a2c4d7fffff", "conteo": 77}}, {"type": "Feature", "geometry": {"type": "Polygon", "coordinates": [[[-100.05015096134889, 25.376909692091576], [-100.04541292117392, 25.379833647119014], [-100.04582933333872, 25.385037927622523], [-100.05098421624743, 25.387318332026833], [-100.05572251989119, 25.384394247008675], [-100.05530567715832, 25.379189887593373], [-100.05015096134889, 25.376909692091576]]]}, "properties": {"h3_index": "8848a2c513fffff", "conteo": 10}}, {"type": "Feature", "geometry": {"type": "Polygon", "coordinates": [[[-99.99820602412422, 25.348896473702588], [-99.99346884611094, 25.351818759356394], [-99.99388289233649, 25.3570226616187], [-99.99903454691923, 25.359304357932515], [-100.00377198916361, 25.35638194253761], [-100.0033575125949, 25.35117796058641], [-99.99820602412422, 25.348896473702588]]]}, "properties": {"h3_index": "8848a2c567fffff", "conteo": 48}}, {"type": "Feature", "geometry": {"type": "Polygon", "coordinates": [[[-100.08957786880079, 25.24876816548106], [-100.08484488950236, 25.251695002563483], [-100.08526259429574, 25.25689973238725], [-100.09041370808846, 25.259177703353483], [-100.0951469496423, 25.256250735261336], [-100.09472881514894, 25.251045927229136], [-100.08957786880079, 25.24876816548106]]]}, "properties": {"h3_index": "8848a2d583fffff", "conteo": 11}}, {"type": "Feature", "geometry": {"type": "Polygon", "coordinates": [[[-101.25109690666899, 26.536894426650377], [-101.24632107934171, 26.539851186159588], [-101.24679439574132, 26.545059910325588], [-101.25204397834244, 26.5473119362241], [-101.25682005291316, 26.54435504397649], [-101.25634629764279, 26.539146258585745], [-101.25109690666899, 26.536894426650377]]]}, "properties": {"h3_index": "8848a30cadfffff", "conteo": 29}}, {"type": "Feature", "geometry": {"type": "Polygon", "coordinates": [[[-104.552018303493, 27.07343931925385], [-104.54726106853637, 27.07651422506366], [-104.54788160332853, 27.081729602530043], [-104.55325981041496, 27.083870084747236], [-104.55801723201294, 27.080795027213863], [-104.55739625989385, 27.07557963920439], [-104.552018303493, 27.07343931925385]]]}, "properties": {"h3_index": "8848ad11edfffff", "conteo": 3}}, {"type": "Feature", "geometry": {"type": "Polygon", "coordinates": [[[-105.10108476055495, 27.409511036471198], [-105.09632389963083, 27.412602864367614], [-105.09697011094836, 27.417815447094544], [-105.10237762121567, 27.41993620432511], [-105.10713865884058, 27.416844223337947], [-105.10649200950941, 27.411631638228524], [-105.10108476055495, 27.409511036471198]]]}, "properties": {"h3_index": "8848ad364bfffff", "conteo": 7}}, {"type": "Feature", "geometry": {"type": "Polygon", "coordinates": [[[-98.04946472606122, 25.57928299805984], [-98.0447160544338, 25.582126814110328], [-98.04504544393376, 25.5873118362498], [-98.05012393442665, 25.589653151771618], [-98.05487290323887, 25.586809223175326], [-98.05454308437017, 25.581624091618526], [-98.04946472606122, 25.57928299805984]]]}, "properties": {"h3_index": "8848b00cd7fffff", "conteo": 11}}, {"type": "Feature", "geometry": {"type": "Polygon", "coordinates": [[[-97.48258348961767, 25.396865076289355], [-97.47784299685681, 25.39968890264533], [-97.47814709653586, 25.40486760431766], [-97.48319211579556, 25.407222597428028], [-97.48793291365963, 25.404398662377467], [-97.4876283871564, 25.39921984292628], [-97.48258348961767, 25.396865076289355]]]}, "properties": {"h3_index": "8848b0411dfffff", "conteo": 44}}, {"type": "Feature", "geometry": {"type": "Polygon", "coordinates": [[[-99.01086097669015, 26.238832790983633], [-99.00608680950018, 26.24170577557801], [-99.00646034424678, 26.24689887210481], [-99.01160848182332, 26.249219079330818], [-99.01638293377084, 26.24634597779947], [-99.01600896338297, 26.241152785995155], [-99.01086097669015, 26.238832790983633]]]}, "properties": {"h3_index": "8848b10c01fffff", "conteo": 24}}, {"type": "Feature", "geometry": {"type": "Polygon", "coordinates": [[[-99.08145388596958, 26.25052560536693], [-99.07667936905307, 26.253401230786867], [-99.07705605113486, 26.258594941856266], [-99.08220768594897, 26.260913121737605], [-99.08698248650462, 26.258037378866977], [-99.08660536860585, 26.25284357358181], [-99.08145388596958, 26.25052560536693]]]}, "properties": {"h3_index": "8848b10eb9fffff", "conteo": 16}}, {"type": "Feature", "geometry": {"type": "Polygon", "coordinates": [[[-99.13237867663531, 26.333710715916606], [-99.12760100364368, 26.336587231573994], [-99.12798018751806, 26.341781080512597], [-99.13313748085645, 26.344098507294092], [-99.13791543702322, 26.341221874223468], [-99.13753581667544, 26.336027931800732], [-99.13237867663531, 26.333710715916606]]]}, "properties": {"h3_index": "8848b13867fffff", "conteo": 6}}, {"type": "Feature", "geometry": {"type": "Polygon", "coordinates": [[[-98.50005977066826, 26.188296028151356], [-98.4952872099042, 26.191149376690653], [-98.49563808595363, 26.196337647365954], [-98.50076195726628, 26.198672672468426], [-98.50553481093273, 26.195819210946848], [-98.5051835003818, 26.190630837320896], [-98.50005977066826, 26.188296028151356]]]}, "properties": {"h3_index": "8848b14f4bfffff", "conteo": 4}}, {"type": "Feature", "geometry": {"type": "Polygon", "coordinates": [[[-99.36537082923915, 26.046390537601923], [-99.36060480029886, 26.049280055788383], [-99.36099335075167, 26.054477071105374], [-99.3661483648486, 26.056784658060458], [-99.37091467175348, 26.053895019003924], [-99.37052568659631, 26.048697913878595], [-99.36537082923915, 26.046390537601923]]]}, "properties": {"h3_index": "8848b1aa63fffff", "conteo": 3}}, {"type": "Feature", "geometry": {"type": "Polygon", "coordinates": [[[-97.29852355960163, 25.522354628347035], [-97.29377878465708, 25.525169366545057], [-97.2940751374526, 25.53034570478135], [-97.29911669241946, 25.53270742540836], [-97.30386177590464, 25.529892580825237], [-97.30356499587758, 25.524716122015267], [-97.29852355960163, 25.522354628347035]]]}, "properties": {"h3_index": "8848b2869bfffff", "conteo": 968}}, {"type": "Feature", "geometry": {"type": "Polygon", "coordinates": [[[-98.16361812893817, 26.04947558666637], [-98.15885111985803, 26.052317444572054], [-98.15918679459286, 26.057502637621088], [-98.1642899113036, 26.05984608071469], [-98.16905721803464, 26.05700411189994], [-98.168721110401, 26.051818810916284], [-98.16361812893817, 26.04947558666637]]]}, "properties": {"h3_index": "8848b39547fffff", "conteo": 850}}, {"type": "Feature", "geometry": {"type": "Polygon", "coordinates": [[[-98.0889949602226, 24.50018732005534], [-98.08428751296242, 24.503046191376157], [-98.08461575889635, 24.508231475595803], [-98.0896518741038, 24.51055799661535], [-98.0943596127925, 24.50769900631694], [-98.09403094484217, 24.502513613992036], [-98.0889949602226, 24.50018732005534]]]}, "properties": {"h3_index": "8848b4773dfffff", "conteo": 28}}, {"type": "Feature", "geometry": {"type": "Polygon", "coordinates": [[[-98.5366275765941, 24.021796219796638], [-98.53193789189841, 24.02467729947502], [-98.5322842614359, 24.029866224974928], [-98.53732073526932, 24.032174171733043], [-98.54201070220962, 24.02929296659093], [-98.54166391306973, 24.0241039401701], [-98.5366275765941, 24.021796219796638]]]}, "properties": {"h3_index": "8848b4ba05fffff", "conteo": 7}}, {"type": "Feature", "geometry": {"type": "Polygon", "coordinates": [[[-99.48852784295067, 25.106785452059732], [-99.48379825002755, 25.109690993703516], [-99.48418923438766, 25.114890785178282], [-99.48931023993336, 25.117185122345493], [-99.4940401045849, 25.114279453638005], [-99.49364869196204, 25.109079574843204], [-99.48852784295067, 25.106785452059732]]]}, "properties": {"h3_index": "8848b53009fffff", "conteo": 13}}, {"type": "Feature", "geometry": {"type": "Polygon", "coordinates": [[[-99.14025015317, 25.417643075207476], [-99.13550792777724, 25.420531646388042], [-99.13588464543042, 25.425728026663712], [-99.14100401850796, 25.428035928627533], [-99.14574652276153, 25.425147234925795], [-99.14536937507575, 25.419950761797455], [-99.14025015317, 25.417643075207476]]]}, "properties": {"h3_index": "8848b5641dfffff", "conteo": 11}}, {"type": "Feature", "geometry": {"type": "Polygon", "coordinates": [[[-99.3406782914258, 24.51272957104409], [-99.33597091263812, 24.515635839820963], [-99.33635360618909, 24.520833917677383], [-99.34144410256202, 24.523125815873286], [-99.3461517529121, 24.520219417872106], [-99.34576863532627, 24.51502125091541], [-99.3406782914258, 24.51272957104409]]]}, "properties": {"h3_index": "8848b58109fffff", "conteo": 10}}, {"type": "Feature", "geometry": {"type": "Polygon", "coordinates": [[[-107.59390704303452, 31.04523727876316], [-107.5890544228966, 31.048380964659177], [-107.5898314180493, 31.053532970395253], [-107.59546148736624, 31.055541258911653], [-107.60031424100234, 31.052397425817446], [-107.59953679184223, 31.047245451422913], [-107.59390704303452, 31.04523727876316]]]}, "properties": {"h3_index": "8848c4d753fffff", "conteo": 10}}, {"type": "Feature", "geometry": {"type": "Polygon", "coordinates": [[[-109.40859846757957, 30.22065294635631], [-109.40382937656625, 30.22387266355062], [-109.4046796069768, 30.229028789080104], [-109.41029936499338, 30.23096513858961], [-109.41506854774487, 30.22774526348849], [-109.41421788076393, 30.222589196801795], [-109.40859846757957, 30.22065294635631]]]}, "properties": {"h3_index": "8848e02089fffff", "conteo": 4}}, {"type": "Feature", "geometry": {"type": "Polygon", "coordinates": [[[-110.18073627444996, 30.5806585204606], [-110.17597653412405, 30.583901767015615], [-110.17686243634834, 30.58904447055529], [-110.1825085126361, 30.590943858208504], [-110.18726832802179, 30.587700453178588], [-110.1863819920841, 30.58255781898724], [-110.18073627444996, 30.5806585204606]]]}, "properties": {"h3_index": "8848e10e21fffff", "conteo": 3}}, {"type": "Feature", "geometry": {"type": "Polygon", "coordinates": [[[-110.42052443051368, 30.18637745051287], [-110.41578818831096, 30.189632654566513], [-110.41668132828023, 30.19478059706697], [-110.42231113952523, 30.19667326207568], [-110.42704745096106, 30.193417896929503], [-110.42615388194316, 30.188270027883824], [-110.42052443051368, 30.18637745051287]]]}, "properties": {"h3_index": "8848e18ee9fffff", "conteo": 3}}, {"type": "Feature", "geometry": {"type": "Polygon", "coordinates": [[[-110.51042520797742, 30.458744804930113], [-110.50568100869135, 30.462000632552712], [-110.50658001824445, 30.467142591565555], [-110.51222365744697, 30.469028648720048], [-110.51696792427646, 30.465772661122966], [-110.51606848438473, 30.460630776362557], [-110.51042520797742, 30.458744804930113]]]}, "properties": {"h3_index": "8848e1a86bfffff", "conteo": 6}}, {"type": "Feature", "geometry": {"type": "Polygon", "coordinates": [[[-110.57998165163788, 30.370626703374676], [-110.57524325793617, 30.373885722485305], [-110.57614454740707, 30.37902868834372], [-110.5817846597707, 30.38091255970986], [-110.58652311936359, 30.377653380004443], [-110.58562140072648, 30.372510489544318], [-110.57998165163788, 30.370626703374676]]]}, "properties": {"h3_index": "8848e1b8b9fffff", "conteo": 9}}, {"type": "Feature", "geometry": {"type": "Polygon", "coordinates": [[[-107.5423233345373, 30.240609213565307], [-107.53750233601949, 30.243761116877906], [-107.53827180617057, 30.24892893017838], [-107.54386272300839, 30.250944808670017], [-107.54868385434493, 30.24779275456068], [-107.54791393604329, 30.242624972774184], [-107.5423233345373, 30.240609213565307]]]}, "properties": {"h3_index": "8848e2ccbdfffff", "conteo": 41}}, {"type": "Feature", "geometry": {"type": "Polygon", "coordinates": [[[-109.32459674914018, 31.192003384532782], [-109.31978576614652, 31.195209495186027], [-109.32063937891036, 31.2003470379453], [-109.32630441907975, 31.202278413920794], [-109.33111549722312, 31.199072150324877], [-109.33026144007013, 31.193934663713517], [-109.32459674914018, 31.192003384532782]]]}, "properties": {"h3_index": "8848e33011fffff", "conteo": 44}}, {"type": "Feature", "geometry": {"type": "Polygon", "coordinates": [[[-109.13568585756832, 29.028783478871354], [-109.13095607342126, 29.032004310298188], [-109.13178626568798, 29.037182102501482], [-109.13734667188017, 29.0391390065889], [-109.14207655187542, 29.035918012142453], [-109.14124592985144, 29.030740276645176], [-109.13568585756832, 29.028783478871354]]]}, "properties": {"h3_index": "8848e474c7fffff", "conteo": 3}}, {"type": "Feature", "geometry": {"type": "Polygon", "coordinates": [[[-110.22746294398742, 29.24669740312916], [-110.22275764278174, 29.249953580088505], [-110.22363565945909, 29.255119190547717], [-110.22921940114041, 29.25702855173878], [-110.23392477472302, 29.253772209429506], [-110.23304633427081, 29.24860667129566], [-110.22746294398742, 29.24669740312916]]]}, "properties": {"h3_index": "8848e50319fffff", "conteo": 3}}, {"type": "Feature", "geometry": {"type": "Polygon", "coordinates": [[[-110.57465530649509, 29.034343558328814], [-110.56996943742695, 29.03761267540574], [-110.57086048194427, 29.042778268487915], [-110.57643781526708, 29.044674666776103], [-110.58112374888536, 29.041405382277155], [-110.58023228465466, 29.036239866928383], [-110.57465530649509, 29.034343558328814]]]}, "properties": {"h3_index": "8848e58583fffff", "conteo": 481}}, {"type": "Feature", "geometry": {"type": "Polygon", "coordinates": [[[-108.07781889112803, 29.106970239462473], [-108.0730569730113, 29.110153505152244], [-108.07384233651786, 29.115336995738932], [-108.07939005493967, 29.11733717975406], [-108.08415209189148, 29.114153755411806], [-108.0833662916054, 29.10897030572425], [-108.07781889112803, 29.106970239462473]]]}, "properties": {"h3_index": "8848e6140dfffff", "conteo": 15}}, {"type": "Feature", "geometry": {"type": "Polygon", "coordinates": [[[-111.22449237663571, 31.05653445857337], [-111.21974819027223, 31.05980912832922], [-111.22068208190902, 31.06493166590994], [-111.22636058895965, 31.066779450562944], [-111.23110482742523, 31.063504622042366], [-111.23017050676461, 31.05838216764998], [-111.22449237663571, 31.05653445857337]]]}, "properties": {"h3_index": "8848ec18b9fffff", "conteo": 3}}, {"type": "Feature", "geometry": {"type": "Polygon", "coordinates": [[[-112.51412437580831, 31.51107420130652], [-112.50940871638275, 31.51438810337855], [-112.51040045912976, 31.519485302784986], [-112.5161082824184, 31.521268500216927], [-112.52082396497964, 31.51795443923298], [-112.51983180114581, 31.512857339744873], [-112.51412437580831, 31.51107420130652]]]}, "properties": {"h3_index": "8848ed1009fffff", "conteo": 17}}, {"type": "Feature", "geometry": {"type": "Polygon", "coordinates": [[[-110.56483000473547, 31.192305231696192], [-110.5600579889326, 31.195555650853965], [-110.5609649307623, 31.20068213450946], [-110.56664432372506, 31.20255812530678], [-110.57141640668615, 31.19930754961008], [-110.57050902955157, 31.19418113967183], [-110.56483000473547, 31.192305231696192]]]}, "properties": {"h3_index": "8848ee9499fffff", "conteo": 163}}, {"type": "Feature", "geometry": {"type": "Polygon", "coordinates": [[[-106.2919571016399, 31.438053457734387], [-106.28705747965573, 31.441141118879255], [-106.28777923081036, 31.446290344424572], [-106.29340106761433, 31.44835189690916], [-106.29830085275601, 31.44526409623937], [-106.2975786379523, 31.44011488262815], [-106.2919571016399, 31.438053457734387]]]}, "properties": {"h3_index": "8848f16d61fffff", "conteo": 139}}, {"type": "Feature", "geometry": {"type": "Polygon", "coordinates": [[[-106.06001985577177, 31.225551733799122], [-106.05512412191129, 31.228633489783864], [-106.05583421360936, 31.23378792489974], [-106.06144050218367, 31.235860595348065], [-106.06633640366383, 31.23277870002336], [-106.06562584896544, 31.227624273608505], [-106.06001985577177, 31.225551733799122]]]}, "properties": {"h3_index": "8848f3b44dfffff", "conteo": 3}}, {"type": "Feature", "geometry": {"type": "Polygon", "coordinates": [[[-107.28505206017051, 29.495686665757827], [-107.28025477453657, 29.49883750708135], [-107.2810082574216, 29.504019107467403], [-107.28655946990024, 29.506049837973006], [-107.29135689223726, 29.50289884330936], [-107.29060296541003, 29.497717271497855], [-107.28505206017051, 29.495686665757827]]]}, "properties": {"h3_index": "8848f5b2bdfffff", "conteo": 3}}, {"type": "Feature", "geometry": {"type": "Polygon", "coordinates": [[[-104.24747894211903, 29.333152296127125], [-104.24262729743567, 29.336190051119427], [-104.24324595087816, 29.341380271341325], [-104.24871670382265, 29.34353275363421], [-104.25356854845845, 29.340494860307214], [-104.25294944020796, 29.33530462303992], [-104.24747894211903, 29.333152296127125]]]}, "properties": {"h3_index": "8848f6c4a9fffff", "conteo": 4}}, {"type": "Feature", "geometry": {"type": "Polygon", "coordinates": [[[-101.31820332899562, 20.266667852742145], [-101.31365996945512, 20.269664474725033], [-101.31411311532713, 20.27484387721634], [-101.31911001798855, 20.27702671060872], [-101.32365360024005, 20.274029920215305], [-101.32320005712226, 20.26885046485679], [-101.31820332899562, 20.266667852742145]]]}, "properties": {"h3_index": "8849802421fffff", "conteo": 4}}, {"type": "Feature", "geometry": {"type": "Polygon", "coordinates": [[[-101.35363095988686, 20.17754684093356], [-101.34909099420558, 20.1805445750939], [-101.34954531096261, 20.18572290056596], [-101.35453999008834, 20.187903544059665], [-101.3590801775947, 20.184905640737693], [-101.35862546415342, 20.179727263100396], [-101.35363095988686, 20.17754684093356]]]}, "properties": {"h3_index": "8849802669fffff", "conteo": 3}}, {"type": "Feature", "geometry": {"type": "Polygon", "coordinates": [[[-101.20496861001878, 20.401514636472754], [-101.20041971493382, 20.404507658260975], [-101.20086858167414, 20.40968822930917], [-101.20586674161278, 20.411875833447265], [-101.2104158617243, 20.40888264481329], [-101.20996659687353, 20.40370201890369], [-101.20496861001878, 20.401514636472754]]]}, "properties": {"h3_index": "8849802cb5fffff", "conteo": 54}}, {"type": "Feature", "geometry": {"type": "Polygon", "coordinates": [[[-101.11781675537286, 20.338419443619987], [-101.11326952982465, 20.34140976320772], [-101.11371451746389, 20.34658881633627], [-101.11870712839031, 20.348777606016398], [-101.12325458016012, 20.345787119851842], [-101.12280919478465, 20.340608010600658], [-101.11781675537286, 20.338419443619987]]]}, "properties": {"h3_index": "8849802d03fffff", "conteo": 6}}, {"type": "Feature", "geometry": {"type": "Polygon", "coordinates": [[[-101.3087205881873, 20.048389348299477], [-101.30418486933783, 20.051385679464197], [-101.30463684988744, 20.056561746178442], [-101.30962494519181, 20.058741534398816], [-101.31416088615161, 20.05574503366704], [-101.3137085096998, 20.050568914298704], [-101.3087205881873, 20.048389348299477]]]}, "properties": {"h3_index": "884980372bfffff", "conteo": 9}}, {"type": "Feature", "geometry": {"type": "Polygon", "coordinates": [[[-101.10468099749293, 20.073588787426402], [-101.10014304991583, 20.076578789095382], [-101.10058657144276, 20.08175381087775], [-101.10556843665182, 20.08393888689705], [-101.11010660973227, 20.08094871725636], [-101.10966269210303, 20.075773639584774], [-101.10468099749293, 20.073588787426402]]]}, "properties": {"h3_index": "8849803aa3fffff", "conteo": 3}}, {"type": "Feature", "geometry": {"type": "Polygon", "coordinates": [[[-101.1142005511565, 20.072783341632555], [-101.10966269210303, 20.075773639584774], [-101.11010660973227, 20.08094871725636], [-101.1150887825136, 20.083133552731425], [-101.11962686691382, 20.080143086734772], [-101.11918255318868, 20.074967953324187], [-101.1142005511565, 20.072783341632555]]]}, "properties": {"h3_index": "8849803abdfffff", "conteo": 3}}, {"type": "Feature", "geometry": {"type": "Polygon", "coordinates": [[[-100.59127319251577, 20.295918989412023], [-100.58672448584433, 20.298892705090736], [-100.58714721396318, 20.304067175236188], [-100.59211904621617, 20.3062679939928], [-100.5966679874242, 20.303294115325837], [-100.5962448618444, 20.29811958090705], [-100.59127319251577, 20.295918989412023]]]}, "properties": {"h3_index": "88498068e9fffff", "conteo": 21}}, {"type": "Feature", "geometry": {"type": "Polygon", "coordinates": [[[-101.11535863745517, 19.416526275144285], [-101.11084384752597, 19.41951628082645], [-101.11128555825135, 19.424680662820936], [-101.11624245098845, 19.426855093741754], [-101.1207574639612, 19.423864916341362], [-101.12031536115597, 19.418700479755106], [-101.11535863745517, 19.416526275144285]]]}, "properties": {"h3_index": "8849808023fffff", "conteo": 235}}, {"type": "Feature", "geometry": {"type": "Polygon", "coordinates": [[[-101.10578736055822, 19.471978997823562], [-101.10127056943459, 19.474968770993595], [-101.10171207081208, 19.48013403994828], [-101.1066707557344, 19.482309590588503], [-101.11118777024657, 19.479319646076636], [-101.11074587645057, 19.47415432228311], [-101.10578736055822, 19.471978997823562]]]}, "properties": {"h3_index": "88498081b9fffff", "conteo": 7}}, {"type": "Feature", "geometry": {"type": "Polygon", "coordinates": [[[-101.30207906183996, 19.533090012168966], [-101.29756140526226, 19.53608580661224], [-101.29801130509783, 19.541253513275024], [-101.30297925426349, 19.543425477390294], [-101.30749713128868, 19.540429510553068], [-101.30704683870378, 19.535261752011305], [-101.30207906183996, 19.533090012168966]]]}, "properties": {"h3_index": "88498084ebfffff", "conteo": 3}}, {"type": "Feature", "geometry": {"type": "Polygon", "coordinates": [[[-101.35086037359858, 19.489792808195855], [-101.34634456558042, 19.492790027593312], [-101.3467963483412, 19.497957335317516], [-101.35176433159461, 19.500127474701777], [-101.35628035912623, 19.497130082326315], [-101.3558281838941, 19.491962723561397], [-101.35086037359858, 19.489792808195855]]]}, "properties": {"h3_index": "884980868bfffff", "conteo": 25}}, {"type": "Feature", "geometry": {"type": "Polygon", "coordinates": [[[-101.19532916920504, 19.292567563694483], [-101.19081922162741, 19.295559828093623], [-101.19126383904747, 19.3007226148741], [-101.19621879536136, 19.302893190396144], [-101.20072896427676, 19.299900753023604], [-101.20028395554331, 19.294737913119175], [-101.19532916920504, 19.292567563694483]]]}, "properties": {"h3_index": "8849809083fffff", "conteo": 3}}, {"type": "Feature", "geometry": {"type": "Polygon", "coordinates": [[[-101.3630232230692, 19.301342144087748], [-101.35851408722081, 19.30433945901083], [-101.35896571741551, 19.309503578968428], [-101.36392687478484, 19.311670434539653], [-101.36843622931103, 19.30867294550969], [-101.36798420779323, 19.3035087750322], [-101.3630232230692, 19.301342144087748]]]}, "properties": {"h3_index": "88498096c1fffff", "conteo": 15}}, {"type": "Feature", "geometry": {"type": "Polygon", "coordinates": [[[-101.44985466166925, 19.582697533968567], [-101.44533629463672, 19.58569786086697], [-101.44579253232966, 19.5908674123911], [-101.45076753006114, 19.593036686686407], [-101.45528611532241, 19.59003618663039], [-101.45482948462676, 19.584866585453494], [-101.44985466166925, 19.582697533968567]]]}, "properties": {"h3_index": "884980b05bfffff", "conteo": 3}}, {"type": "Feature", "geometry": {"type": "Polygon", "coordinates": [[[-100.48913874243486, 19.508338675195226], [-100.48461732762775, 19.511309572755806], [-100.48503320920523, 19.516470682095918], [-100.48997089818714, 19.518660958396534], [-100.4944925462794, 19.515689894158808], [-100.49407627210618, 19.510528720314152], [-100.48913874243486, 19.508338675195226]]]}, "properties": {"h3_index": "884980c829fffff", "conteo": 3}}, {"type": "Feature", "geometry": {"type": "Polygon", "coordinates": [[[-100.5298258337167, 19.48159434267173], [-100.52530554791888, 19.484566490310712], [-100.52572304239007, 19.48972747408541], [-100.53066121510446, 19.491916374062562], [-100.53518173345236, 19.488944059297943], [-100.53476384653743, 19.483783011698364], [-100.5298258337167, 19.48159434267173]]]}, "properties": {"h3_index": "884980ca37fffff", "conteo": 8}}, {"type": "Feature", "geometry": {"type": "Polygon", "coordinates": [[[-102.23104620900698, 21.01067637248958], [-102.22648387805759, 21.013701291590905], [-102.22697811275272, 21.01889614383583], [-102.23203507970204, 21.021066116683954], [-102.2365976206861, 21.01804102700717], [-102.23610298469104, 21.012846135074657], [-102.23104620900698, 21.01067637248958]]]}, "properties": {"h3_index": "8849812ea1fffff", "conteo": 9}}, {"type": "Feature", "geometry": {"type": "Polygon", "coordinates": [[[-101.25259002886425, 20.56192165983441], [-101.24803576349865, 20.56491606785159], [-101.24848719362865, 20.57009921078503], [-101.25349328822242, 20.572288000092485], [-101.25804777839954, 20.569293425793084], [-101.25759594917436, 20.564110228485166], [-101.25259002886425, 20.56192165983441]]]}, "properties": {"h3_index": "8849814b35fffff", "conteo": 3}}, {"type": "Feature", "geometry": {"type": "Polygon", "coordinates": [[[-102.28526263604803, 20.157925472735812], [-102.28073098665122, 20.160951773802967], [-102.28122421902991, 20.166135414326064], [-102.28624949676721, 20.16829279128831], [-102.29078135252186, 20.165266314518842], [-102.29028772418624, 20.160082636506395], [-102.28526263604803, 20.157925472735812]]]}, "properties": {"h3_index": "8849818443fffff", "conteo": 3}}, {"type": "Feature", "geometry": {"type": "Polygon", "coordinates": [[[-102.00963617510112, 20.19845169814576], [-102.00510060602528, 20.201469650977735], [-102.00558246821112, 20.206652375989833], [-102.01060029592638, 20.2088171900833], [-102.01513607609273, 20.205799063642697], [-102.0146538174577, 20.20061629673416], [-102.00963617510112, 20.19845169814576]]]}, "properties": {"h3_index": "8849818881fffff", "conteo": 55}}, {"type": "Feature", "geometry": {"type": "Polygon", "coordinates": [[[-102.16397107935627, 20.200278814986174], [-102.15943681765032, 20.203301477052158], [-102.15992514166604, 20.208485091241812], [-102.16494812372333, 20.210646082851696], [-102.16948259395286, 20.207623246137253], [-102.16899387360621, 20.202439592478328], [-102.16397107935627, 20.200278814986174]]]}, "properties": {"h3_index": "8849818e11fffff", "conteo": 3}}, {"type": "Feature", "geometry": {"type": "Polygon", "coordinates": [[[-102.45208794065934, 20.488023467077337], [-102.44754626443442, 20.491055160350616], [-102.4480477488931, 20.49624436928394], [-102.45309130740122, 20.49840192034776], [-102.45763318822932, 20.495370052089196], [-102.45713130595136, 20.490180807769082], [-102.45208794065934, 20.488023467077337]]]}, "properties": {"h3_index": "884981a08bfffff", "conteo": 19}}, {"type": "Feature", "geometry": {"type": "Polygon", "coordinates": [[[-102.3015665671538, 20.329026384789742], [-102.2970290452075, 20.33205335477833], [-102.29752361538455, 20.337239569766304], [-102.30255610450756, 20.339398852290966], [-102.30709383308698, 20.336371707441074], [-102.30659886591522, 20.331185454944784], [-102.3015665671538, 20.329026384789742]]]}, "properties": {"h3_index": "884981bae7fffff", "conteo": 3}}, {"type": "Feature", "geometry": {"type": "Polygon", "coordinates": [[[-102.19336874685723, 20.30742751591209], [-102.1888309777449, 20.3104511660967], [-102.18932093846274, 20.315636497229765], [-102.19434906526244, 20.317798217374357], [-102.19888704275361, 20.314774392938336], [-102.198396685071, 20.309589022626067], [-102.19336874685723, 20.30742751591209]]]}, "properties": {"h3_index": "884981bb27fffff", "conteo": 12}}, {"type": "Feature", "geometry": {"type": "Polygon", "coordinates": [[[-99.39105397897225, 20.21791551790764], [-99.38650396240708, 20.220850758302984], [-99.38687599427901, 20.226013370941452], [-99.39179843894242, 20.228240825923937], [-99.39634870846015, 20.225305431182623], [-99.39597628036148, 20.22014273582088], [-99.39105397897225, 20.21791551790764]]]}, "properties": {"h3_index": "88498250b1fffff", "conteo": 3}}, {"type": "Feature", "geometry": {"type": "Polygon", "coordinates": [[[-99.52632387135316, 20.309014800591136], [-99.52177088670183, 20.31195422391255], [-99.52214887485108, 20.317119519379737], [-99.52708024457729, 20.319345472338135], [-99.53163348047188, 20.316405894144907], [-99.5312550953968, 20.311240517881238], [-99.52632387135316, 20.309014800591136]]]}, "properties": {"h3_index": "88498254bdfffff", "conteo": 3}}, {"type": "Feature", "geometry": {"type": "Polygon", "coordinates": [[[-99.59648923063988, 20.2258081468331], [-99.59193936250028, 20.228750044258085], [-99.59232005541773, 20.233914770203093], [-99.59725101294994, 20.23613767831285], [-99.60180113093024, 20.23319562499742], [-99.60142004153758, 20.228030819478846], [-99.59648923063988, 20.2258081468331]]]}, "properties": {"h3_index": "88498256dbfffff", "conteo": 3}}, {"type": "Feature", "geometry": {"type": "Polygon", "coordinates": [[[-100.48656634232515, 20.304390888350934], [-100.48201682831434, 20.307361261836878], [-100.48243518419352, 20.31253501510801], [-100.48740345157303, 20.314738460827318], [-100.4919532018172, 20.311767925174237], [-100.49153444845008, 20.30659410598549], [-100.48656634232515, 20.304390888350934]]]}, "properties": {"h3_index": "884982a6cbfffff", "conteo": 83}}, {"type": "Feature", "geometry": {"type": "Polygon", "coordinates": [[[-100.23628151681548, 20.34780526499982], [-100.23172936638657, 20.350767569117405], [-100.23213733953446, 20.355939876816098], [-100.23709786077748, 20.358149950293917], [-100.24165025155999, 20.355187486119966], [-100.241241880747, 20.350015108540973], [-100.23628151681548, 20.34780526499982]]]}, "properties": {"h3_index": "884982af53fffff", "conteo": 33}}, {"type": "Feature", "geometry": {"type": "Polygon", "coordinates": [[[-100.3016033940424, 21.171136839152805], [-100.29702212518507, 21.17409931600177], [-100.29743549610743, 21.17928310125131], [-100.30243053873376, 21.181504479848282], [-100.30701205001479, 21.17854184715188], [-100.30659827624707, 21.17335799172236], [-100.3016033940424, 21.171136839152805]]]}, "properties": {"h3_index": "8849834c07fffff", "conteo": 18}}, {"type": "Feature", "geometry": {"type": "Polygon", "coordinates": [[[-101.40308972370897, 21.066559269844944], [-101.39851854045678, 21.06955786121811], [-101.39897810209818, 21.074748531710227], [-101.40400924919807, 21.076940663650447], [-101.40858065655264, 21.07394190777237], [-101.4081206927083, 21.068751184475737], [-101.40308972370897, 21.066559269844944]]]}, "properties": {"h3_index": "884983a5d1fffff", "conteo": 31}}, {"type": "Feature", "geometry": {"type": "Polygon", "coordinates": [[[-100.42376853774824, 20.535997957829235], [-100.41921050621052, 20.538965964860303], [-100.41962697416258, 20.544142520384305], [-100.42460187256162, 20.54635113616992], [-100.42916014218767, 20.543382968753093], [-100.42874327532783, 20.53820634595288], [-100.42376853774824, 20.535997957829235]]]}, "properties": {"h3_index": "884983d8c7fffff", "conteo": 7}}, {"type": "Feature", "geometry": {"type": "Polygon", "coordinates": [[[-101.27248454238249, 19.13762302646037], [-101.26798050674041, 19.140617352969887], [-101.26842780023097, 19.145777908200046], [-101.2733795197246, 19.147944188580457], [-101.27788377494123, 19.14494968769655], [-101.27743609109262, 19.139789080823416], [-101.27248454238249, 19.13762302646037]]]}, "properties": {"h3_index": "8849842f31fffff", "conteo": 6}}, {"type": "Feature", "geometry": {"type": "Polygon", "coordinates": [[[-102.0738017051366, 19.237593564101523], [-102.0693003439217, 19.240611825737172], [-102.0697812965615, 19.245779318944162], [-102.07476400095796, 19.24792858980445], [-102.07926556909031, 19.244910148817553], [-102.07878422591315, 19.239742616338575], [-102.0738017051366, 19.237593564101523]]]}, "properties": {"h3_index": "8849850269fffff", "conteo": 3}}, {"type": "Feature", "geometry": {"type": "Polygon", "coordinates": [[[-102.03184585615442, 19.249250870880516], [-102.02734372493416, 19.25226793054674], [-102.02782297857595, 19.25743538667104], [-102.03280475408343, 19.259585823096973], [-102.03730709294679, 19.256568584426873], [-102.0368274486639, 19.251401088351678], [-102.03184585615442, 19.249250870880516]]]}, "properties": {"h3_index": "8849850343fffff", "conteo": 117}}, {"type": "Feature", "geometry": {"type": "Polygon", "coordinates": [[[-102.0698791413742, 19.503852287353435], [-102.06536846286778, 19.5068710608867], [-102.06585024381178, 19.51204314214721], [-102.07084309541965, 19.514196489682707], [-102.07535398176248, 19.511177538285633], [-102.07487180866546, 19.506005417233816], [-102.0698791413742, 19.503852287353435]]]}, "properties": {"h3_index": "8849850c13fffff", "conteo": 3}}, {"type": "Feature", "geometry": {"type": "Polygon", "coordinates": [[[-102.00623702741885, 19.54093117576549], [-102.00172450142908, 19.543948133578063], [-102.00220377174323, 19.549120471587134], [-102.00719596047999, 19.55127589265509], [-102.01170869547406, 19.548258757614445], [-102.01122903273136, 19.543086378750857], [-102.00623702741885, 19.54093117576549]]]}, "properties": {"h3_index": "8849850d85fffff", "conteo": 3}}, {"type": "Feature", "geometry": {"type": "Polygon", "coordinates": [[[-102.21315411567072, 19.19349124044835], [-102.20865553078487, 19.196513458398393], [-102.20914210228518, 19.20168095685906], [-102.2141276488279, 19.20382627439356], [-102.21862643819998, 19.20080387591443], [-102.2181394765478, 19.19563634044687], [-102.21315411567072, 19.19349124044835]]]}, "properties": {"h3_index": "8849851753fffff", "conteo": 3}}, {"type": "Feature", "geometry": {"type": "Polygon", "coordinates": [[[-102.42802555972422, 19.588332550939388], [-102.42351523676673, 19.59136210715845], [-102.42401223408471, 19.596537551803706], [-102.42901994669579, 19.59868347454642], [-102.43353047182154, 19.595653738527123], [-102.43303308217305, 19.59047825958234], [-102.42802555972422, 19.588332550939388]]]}, "properties": {"h3_index": "8849853541fffff", "conteo": 15}}, {"type": "Feature", "geometry": {"type": "Polygon", "coordinates": [[[-102.1817218834704, 19.571895215126514], [-102.17720982443683, 19.57491745035492], [-102.17769651403552, 19.580091304514912], [-102.18269565514358, 19.58224296161193], [-102.18720792038454, 19.579220548139148], [-102.18672083831468, 19.574046655830696], [-102.1817218834704, 19.571895215126514]]]}, "properties": {"h3_index": "884985380dfffff", "conteo": 12}}, {"type": "Feature", "geometry": {"type": "Polygon", "coordinates": [[[-102.16818526712086, 19.580961538354625], [-102.16367276893618, 19.583983390983484], [-102.16415892936166, 19.589157320955135], [-102.16915798051477, 19.591309436691585], [-102.17367068515983, 19.588287405959374], [-102.17318413219606, 19.583113437611022], [-102.16818526712086, 19.580961538354625]]]}, "properties": {"h3_index": "8849853829fffff", "conteo": 106}}, {"type": "Feature", "geometry": {"type": "Polygon", "coordinates": [[[-102.25781347471937, 19.56491199551134], [-102.25330235630678, 19.56793646993465], [-102.25379218528488, 19.57311062505185], [-102.25879352503928, 19.57526034270234], [-102.26330484837636, 19.572235689485264], [-102.26281462703933, 19.567061497428444], [-102.25781347471937, 19.56491199551134]]]}, "properties": {"h3_index": "8849853a89fffff", "conteo": 3}}, {"type": "Feature", "geometry": {"type": "Polygon", "coordinates": [[[-102.12030104311714, 19.53055233571174], [-102.115789877065, 19.533572661448062], [-102.11627385567736, 19.538745479756216], [-102.12126939261975, 19.540898011389213], [-102.12578076576231, 19.53787750759511], [-102.12529639487661, 19.532704650242746], [-102.12030104311714, 19.53055233571174]]]}, "properties": {"h3_index": "8849853b2dfffff", "conteo": 4}}, {"type": "Feature", "geometry": {"type": "Polygon", "coordinates": [[[-101.57298647505255, 19.40777272541199], [-101.5684751265519, 19.41077650635038], [-101.56893587444762, 19.41594389561675], [-101.57390836273413, 19.41810755138299], [-101.57841992687973, 19.415103595459442], [-101.57795878709739, 19.409936158771664], [-101.57298647505255, 19.40777272541199]]]}, "properties": {"h3_index": "8849854189fffff", "conteo": 3}}, {"type": "Feature", "geometry": {"type": "Polygon", "coordinates": [[[-101.4701042293284, 19.487162479971026], [-101.46558935205826, 19.490163293442695], [-101.46604609610404, 19.495331365298696], [-101.47101810983652, 19.49749867287019], [-101.4755332046848, 19.49449768556958], [-101.47507606822577, 19.489329564543237], [-101.4701042293284, 19.487162479971026]]]}, "properties": {"h3_index": "8849854887fffff", "conteo": 4}}, {"type": "Feature", "geometry": {"type": "Polygon", "coordinates": [[[-101.38600101431196, 19.236884097369455], [-101.38149428723669, 19.239881991108923], [-101.38194664822231, 19.24504512490422], [-101.38690612721159, 19.247210415023535], [-101.39141307237713, 19.244212346660092], [-101.3909603204663, 19.239049162818116], [-101.38600101431196, 19.236884097369455]]]}, "properties": {"h3_index": "884985594dfffff", "conteo": 4}}, {"type": "Feature", "geometry": {"type": "Polygon", "coordinates": [[[-101.54428008971692, 19.246310625868016], [-101.53977416508084, 19.249313257730353], [-101.54023314365668, 19.254477626192116], [-101.54519843779305, 19.256639410396307], [-101.54970457799968, 19.253636602857647], [-101.54924520850282, 19.248472186807973], [-101.54428008971692, 19.246310625868016]]]}, "properties": {"h3_index": "8849855ad1fffff", "conteo": 3}}, {"type": "Feature", "geometry": {"type": "Polygon", "coordinates": [[[-102.21350761805533, 19.04494075762351], [-102.20901419704843, 19.047962540830394], [-102.20950022520185, 19.053127355999496], [-102.21448006362375, 19.055270424721897], [-102.21897368864218, 19.052248460174045], [-102.21848727123185, 19.047083608261755], [-102.21350761805533, 19.04494075762351]]]}, "properties": {"h3_index": "8849858f15fffff", "conteo": 28}}, {"type": "Feature", "geometry": {"type": "Polygon", "coordinates": [[[-102.28474938074979, 19.343290843850767], [-102.2802462412926, 19.34631556894047], [-102.28073634980517, 19.351486097774234], [-102.28572998876969, 19.353631937674532], [-102.29023333200442, 19.350607032395644], [-102.28974283250187, 19.34543646742264], [-102.28474938074979, 19.343290843850767]]]}, "properties": {"h3_index": "884985a963fffff", "conteo": 3}}, {"type": "Feature", "geometry": {"type": "Polygon", "coordinates": [[[-102.34951965883896, 19.118268042638956], [-102.34502495107272, 19.121293998317903], [-102.3455168927358, 19.12646089087692], [-102.35050393173908, 19.128601862507814], [-102.35499884150681, 19.12557572498079], [-102.35450651027465, 19.120408797687958], [-102.34951965883896, 19.118268042638956]]]}, "properties": {"h3_index": "884985bb09fffff", "conteo": 6}}, {"type": "Feature", "geometry": {"type": "Polygon", "coordinates": [[[-100.14800708174083, 19.038241234385772], [-100.14350071452446, 19.041201460834294], [-100.14390088022668, 19.04635123305606], [-100.14880780275078, 19.048540847774095], [-100.15331440683482, 19.045580454535333], [-100.15291385152801, 19.040430613385226], [-100.14800708174083, 19.038241234385772]]]}, "properties": {"h3_index": "88498616e7fffff", "conteo": 3}}, {"type": "Feature", "geometry": {"type": "Polygon", "coordinates": [[[-100.26220198192232, 19.526930211056555], [-100.25767893161674, 19.529894074598054], [-100.25808539043555, 19.535053591390334], [-100.26301529218772, 19.537249312715595], [-100.26753857939138, 19.534285284277477], [-100.26713172794592, 19.529125699427176], [-100.26220198192232, 19.526930211056555]]]}, "properties": {"h3_index": "88498620d7fffff", "conteo": 3}}, {"type": "Feature", "geometry": {"type": "Polygon", "coordinates": [[[-100.07254369026778, 19.472189344611767], [-100.06802184611517, 19.475147315204293], [-100.06842020812805, 19.480304228260888], [-100.07334080649098, 19.482503241636397], [-100.07786289027919, 19.479545107253017], [-100.07746413606968, 19.474388123301374], [-100.07254369026778, 19.472189344611767]]]}, "properties": {"h3_index": "8849862a47fffff", "conteo": 3}}, {"type": "Feature", "geometry": {"type": "Polygon", "coordinates": [[[-100.20788961409656, 19.258886119156003], [-100.20337575344917, 19.261848282401875], [-100.20377910226115, 19.267002623760238], [-100.20869670269227, 19.269194870301398], [-100.21321080009452, 19.266232541056198], [-100.21280706031183, 19.261078131285622], [-100.20788961409656, 19.258886119156003]]]}, "properties": {"h3_index": "8849863357fffff", "conteo": 3}}, {"type": "Feature", "geometry": {"type": "Polygon", "coordinates": [[[-100.3333429162365, 19.40430267201652], [-100.32882446434276, 19.407268738398933], [-100.32923350665757, 19.41242674029885], [-100.33416139277662, 19.41461874256746], [-100.33868008001134, 19.411652510072187], [-100.33827064578733, 19.406494441437655], [-100.3333429162365, 19.40430267201652]]]}, "properties": {"h3_index": "884986355bfffff", "conteo": 17}}, {"type": "Feature", "geometry": {"type": "Polygon", "coordinates": [[[-99.4431344595083, 19.164455016622426], [-99.43862172308943, 19.167393456559378], [-99.43899288804876, 19.17253893643669], [-99.44387717925623, 19.174746056411074], [-99.44839016372879, 19.171807455715374], [-99.44801860893988, 19.166661895820212], [-99.4431344595083, 19.164455016622426]]]}, "properties": {"h3_index": "8849864119fffff", "conteo": 9}}, {"type": "Feature", "geometry": {"type": "Polygon", "coordinates": [[[-99.39615480940945, 19.168106670396874], [-99.39164186079091, 19.171043639219445], [-99.39201107667927, 19.176188716825468], [-99.39689363098947, 19.17839690637019], [-99.40140682838032, 19.17545977717028], [-99.40103722268825, 19.170314618819134], [-99.39615480940945, 19.168106670396874]]]}, "properties": {"h3_index": "8849864121fffff", "conteo": 127}}, {"type": "Feature", "geometry": {"type": "Polygon", "coordinates": [[[-99.36161783301485, 19.14750495589321], [-99.35710554873, 19.150440855087023], [-99.35747326514645, 19.155585205900735], [-99.36235365548995, 19.15779373877195], [-99.36686618898443, 19.154857679349693], [-99.36649808292529, 19.149713247300802], [-99.36161783301485, 19.14750495589321]]]}, "properties": {"h3_index": "8849864a43fffff", "conteo": 3}}, {"type": "Feature", "geometry": {"type": "Polygon", "coordinates": [[[-99.30636611813219, 19.167293566580643], [-99.30185305327718, 19.170227723203038], [-99.3022185215151, 19.175371879021455], [-99.30709744431034, 19.177581960352782], [-99.31161075927747, 19.174647644039904], [-99.31124490133665, 19.169503406102297], [-99.30636611813219, 19.167293566580643]]]}, "properties": {"h3_index": "8849864b57fffff", "conteo": 3}}, {"type": "Feature", "geometry": {"type": "Polygon", "coordinates": [[[-100.34367005366354, 19.115457548313856], [-100.33916175944664, 19.118423804670904], [-100.33957031671542, 19.123576709921576], [-100.34448755836299, 19.12576342487765], [-100.34899608670837, 19.12279700071463], [-100.34858713927898, 19.117644029418013], [-100.34367005366354, 19.115457548313856]]]}, "properties": {"h3_index": "884986a133fffff", "conteo": 3}}, {"type": "Feature", "geometry": {"type": "Polygon", "coordinates": [[[-102.58828643534848, 22.380175715423412], [-102.5836784871419, 22.383209976637364], [-102.5841932251489, 22.388420172094264], [-102.58931632096817, 22.390596142376435], [-102.59392447754193, 22.38756171588694], [-102.59340932993499, 22.38235148440782], [-102.58828643534848, 22.380175715423412]]]}, "properties": {"h3_index": "8849880945fffff", "conteo": 20}}, {"type": "Feature", "geometry": {"type": "Polygon", "coordinates": [[[-102.30917923536292, 22.436073120241602], [-102.30456643483653, 22.439098052732085], [-102.30506953899561, 22.44430739070302], [-102.31018585396829, 22.446491836705345], [-102.31479886791544, 22.44346674114142], [-102.31429535347438, 22.438257362665567], [-102.30917923536292, 22.436073120241602]]]}, "properties": {"h3_index": "88498841abfffff", "conteo": 18}}, {"type": "Feature", "geometry": {"type": "Polygon", "coordinates": [[[-102.34550229431665, 22.456569900631933], [-102.34088910624058, 22.459595969851026], [-102.34139383592323, 22.464805637722776], [-102.34651216406283, 22.466989276351764], [-102.35112556499654, 22.463963043927656], [-102.35062042493828, 22.458753336096525], [-102.34550229431665, 22.456569900631933]]]}, "properties": {"h3_index": "8849884e69fffff", "conteo": 32}}, {"type": "Feature", "geometry": {"type": "Polygon", "coordinates": [[[-102.20927338565679, 22.263513644654285], [-102.2046658795924, 22.266535791104612], [-102.20516405926212, 22.271743272267205], [-102.21027015427252, 22.27392864884287], [-102.2148778749089, 22.270906339026755], [-102.2143792859679, 22.265698816017693], [-102.20927338565679, 22.263513644654285]]]}, "properties": {"h3_index": "8849885809fffff", "conteo": 3}}, {"type": "Feature", "geometry": {"type": "Polygon", "coordinates": [[[-102.15283655543229, 22.33924245002762], [-102.14822577459374, 22.34226251521431], [-102.14872185210933, 22.347470322379287], [-102.15382912028127, 22.349658107214324], [-102.15844011692352, 22.346637879477353], [-102.15794362959502, 22.341430029472548], [-102.15283655543229, 22.33924245002762]]]}, "properties": {"h3_index": "88498859a1fffff", "conteo": 7}}, {"type": "Feature", "geometry": {"type": "Polygon", "coordinates": [[[-102.44683590530877, 22.58964637484567], [-102.4422188970236, 22.59267538121375], [-102.4427284674016, 22.597886498814212], [-102.44785545719306, 22.60006864860195], [-102.45247267701218, 22.59703947909283], [-102.45196269551141, 22.59182832295401], [-102.44683590530877, 22.58964637484567]]]}, "properties": {"h3_index": "8849887b03fffff", "conteo": 4}}, {"type": "Feature", "geometry": {"type": "Polygon", "coordinates": [[[-102.42429632214426, 22.560073901044714], [-102.41968016073376, 22.563102254812716], [-102.42018865379518, 22.568313056856056], [-102.42531371922979, 22.570495544003062], [-102.4299300924697, 22.567467027079665], [-102.42942118845103, 22.562256186181646], [-102.42429632214426, 22.560073901044714]]]}, "properties": {"h3_index": "8849887b69fffff", "conteo": 26}}, {"type": "Feature", "geometry": {"type": "Polygon", "coordinates": [[[-103.34294517771845, 22.453935398687985], [-103.33834322868971, 22.45699398834356], [-103.33889026891698, 22.462207596543063], [-103.34403966710327, 22.464362639287422], [-103.34864181139005, 22.461303879831586], [-103.34809436223973, 22.456090247448746], [-103.34294517771845, 22.453935398687985]]]}, "properties": {"h3_index": "884988aeabfffff", "conteo": 4}}, {"type": "Feature", "geometry": {"type": "Polygon", "coordinates": [[[-103.37991903280587, 23.367017403099485], [-103.37528431763069, 23.370074763417097], [-103.3758368835672, 23.375293894987177], [-103.38102457946896, 23.377455691061936], [-103.3856594920623, 23.374398165837697], [-103.38510651134322, 23.36917900946246], [-103.37991903280587, 23.367017403099485]]]}, "properties": {"h3_index": "88498bb459fffff", "conteo": 3}}, {"type": "Feature", "geometry": {"type": "Polygon", "coordinates": [[[-102.5211982381908, 23.095792362105943], [-102.51656352949217, 23.098822038698625], [-102.51707831298381, 23.10403667998436], [-102.52222821950902, 23.106221682718072], [-102.52686314012449, 23.103191845338017], [-102.52634794230366, 23.097977166028627], [-102.5211982381908, 23.095792362105943]]]}, "properties": {"h3_index": "88498bd531fffff", "conteo": 160}}, {"type": "Feature", "geometry": {"type": "Polygon", "coordinates": [[[-103.04955477202205, 21.274480945375988], [-103.04499161171479, 21.277531338546115], [-103.0455213092621, 21.282732978608788], [-103.05061456904983, 21.284884252663854], [-103.05517792616673, 21.281833684967335], [-103.05464782669274, 21.276632017759187], [-103.04955477202205, 21.274480945375988]]]}, "properties": {"h3_index": "88498c0511fffff", "conteo": 5}}, {"type": "Feature", "geometry": {"type": "Polygon", "coordinates": [[[-102.58674427616245, 21.372029693443434], [-102.58217256989644, 21.37506557891549], [-102.58268319402941, 21.38026634417751], [-102.58776592761511, 21.38243125859752], [-102.59233783900864, 21.37939520218514], [-102.59182681169455, 21.37419440231006], [-102.58674427616245, 21.372029693443434]]]}, "properties": {"h3_index": "88498c45bdfffff", "conteo": 3}}, {"type": "Feature", "geometry": {"type": "Polygon", "coordinates": [[[-102.54663133047129, 21.509445142301384], [-102.5420542981988, 21.51247963903704], [-102.54256377918853, 21.51768169388845], [-102.54765069655294, 21.519849287470688], [-102.55222793508588, 21.51681462083426], [-102.55171804999952, 21.511612530533352], [-102.54663133047129, 21.509445142301384]]]}, "properties": {"h3_index": "88498c79e5fffff", "conteo": 3}}, {"type": "Feature", "geometry": {"type": "Polygon", "coordinates": [[[-102.13804541750811, 21.309704353537683], [-102.13347156035954, 21.312726091432193], [-102.13396302820355, 21.3179239474892], [-102.13902875646568, 21.32010010727436], [-102.14360282621418, 21.317078201118917], [-102.14311095510536, 21.311880303456164], [-102.13804541750811, 21.309704353537683]]]}, "properties": {"h3_index": "88498e8713fffff", "conteo": 10}}, {"type": "Feature", "geometry": {"type": "Polygon", "coordinates": [[[-102.17247332927225, 21.518998144818507], [-102.16789229879498, 21.522020705073338], [-102.16838602550598, 21.527221020474606], [-102.17346118725436, 21.52939881700983], [-102.1780424304413, 21.526376089437655], [-102.17754829917502, 21.52117573266452], [-102.17247332927225, 21.518998144818507]]]}, "properties": {"h3_index": "88498ebaa7fffff", "conteo": 16}}, {"type": "Feature", "geometry": {"type": "Polygon", "coordinates": [[[-101.55151496712234, 21.210979950454302], [-101.54693972116058, 21.21398307396588], [-101.54740606935904, 21.219176408422005], [-101.55244806657122, 21.221366670076], [-101.55702353467221, 21.218363381824215], [-101.55655678342544, 21.213169996675436], [-101.55151496712234, 21.210979950454302]]]}, "properties": {"h3_index": "88498ec26bfffff", "conteo": 49}}, {"type": "Feature", "geometry": {"type": "Polygon", "coordinates": [[[-97.56808073251152, 20.158840228352823], [-97.5635338776837, 20.161715219994225], [-97.56382913568173, 20.16685628855216], [-97.56867164132238, 20.169122475798247], [-97.57321877560197, 20.166247344159423], [-97.57292312478546, 20.161106165287098], [-97.56808073251152, 20.158840228352823]]]}, "properties": {"h3_index": "8849900881fffff", "conteo": 3}}, {"type": "Feature", "geometry": {"type": "Polygon", "coordinates": [[[-97.18766833663784, 20.260424989729707], [-97.18311917559085, 20.263286584393633], [-97.18339868903638, 20.268424254561406], [-97.18822775604872, 20.27070044626059], [-97.19277720231263, 20.267838715391957], [-97.19249729634292, 20.262700929043785], [-97.18766833663784, 20.260424989729707]]]}, "properties": {"h3_index": "8849904dc9fffff", "conteo": 3}}, {"type": "Feature", "geometry": {"type": "Polygon", "coordinates": [[[-97.40114852746753, 20.54112305703019], [-97.39658853304869, 20.543990478980575], [-97.39687764935452, 20.54913513437224], [-97.40172715486592, 20.551412481314216], [-97.4062874327762, 20.548544923020767], [-97.40599792167961, 20.543400154143452], [-97.40114852746753, 20.54112305703019]]]}, "properties": {"h3_index": "8849906f67fffff", "conteo": 3}}, {"type": "Feature", "geometry": {"type": "Polygon", "coordinates": [[[-97.26610089429022, 20.31739110378253], [-97.26154939371878, 20.320255081963897], [-97.2618323274785, 20.325394661990742], [-97.26666715487913, 20.32767037896389], [-97.27121893983308, 20.32480626425308], [-97.27093561299964, 20.319666569113544], [-97.26610089429022, 20.31739110378253]]]}, "properties": {"h3_index": "8849907969fffff", "conteo": 37}}, {"type": "Feature", "geometry": {"type": "Polygon", "coordinates": [[[-97.31902796978525, 20.42240221087997], [-97.31447251652831, 20.425267451249173], [-97.31475790948475, 20.430409300434732], [-97.31959914954845, 20.432686023773588], [-97.32415488691862, 20.42982064705038], [-97.32386910010771, 20.424678683357325], [-97.31902796978525, 20.42240221087997]]]}, "properties": {"h3_index": "88499079b3fffff", "conteo": 3}}, {"type": "Feature", "geometry": {"type": "Polygon", "coordinates": [[[-98.22143786917384, 20.037688795075503], [-98.21689394100758, 20.040586131227474], [-98.21721633751518, 20.04573330542356], [-98.22208305560994, 20.047983243739143], [-98.22662725337482, 20.04508576150148], [-98.22630446344378, 20.039938487049458], [-98.22143786917384, 20.037688795075503]]]}, "properties": {"h3_index": "884990a2b3fffff", "conteo": 8}}, {"type": "Feature", "geometry": {"type": "Polygon", "coordinates": [[[-98.37889081516143, 20.430408362880556], [-98.37433272478611, 20.433309467437745], [-98.3746627443544, 20.43846445216945], [-98.37955125043007, 20.440718430917173], [-98.38410960976559, 20.4378171812849], [-98.38377919406298, 20.432662097995586], [-98.37889081516143, 20.430408362880556]]]}, "properties": {"h3_index": "884991c181fffff", "conteo": 3}}, {"type": "Feature", "geometry": {"type": "Polygon", "coordinates": [[[-96.38240658879437, 20.008225117361913], [-96.37787048513091, 20.0110605116959], [-96.37811572742196, 20.016182923470925], [-96.38289746207857, 20.018470068548485], [-96.38743386072255, 20.01563454339186], [-96.38718822972366, 20.01051200399475], [-96.38240658879437, 20.008225117361913]]]}, "properties": {"h3_index": "884992d089fffff", "conteo": 3}}, {"type": "Feature", "geometry": {"type": "Polygon", "coordinates": [[[-98.13325342089708, 21.208348909878584], [-98.12866766105178, 21.21123785829393], [-98.12898929663767, 21.216400438294517], [-98.13389709262, 21.218674173447592], [-98.13848312836346, 21.215785086519354], [-98.13816109222368, 21.210622402966358], [-98.13325342089708, 21.208348909878584]]]}, "properties": {"h3_index": "884993a62dfffff", "conteo": 7}}, {"type": "Feature", "geometry": {"type": "Polygon", "coordinates": [[[-98.18189694522752, 19.026359673041384], [-98.17738880776386, 19.02925838530927], [-98.17770702305921, 19.034387458076232], [-98.18253376300225, 19.036617917521497], [-98.18704216640327, 19.03371905362431], [-98.18672356392136, 19.02858988192675], [-98.18189694522752, 19.026359673041384]]]}, "properties": {"h3_index": "8849943251fffff", "conteo": 3}}, {"type": "Feature", "geometry": {"type": "Polygon", "coordinates": [[[-98.46726503556177, 19.013434074432404], [-98.46275704173735, 19.016341902543097], [-98.46308711234204, 19.021474080763802], [-98.46792556438079, 19.023698525484434], [-98.47243382000782, 19.020790543385086], [-98.47210336179144, 19.015658270569492], [-98.46726503556177, 19.013434074432404]]]}, "properties": {"h3_index": "884994a4a9fffff", "conteo": 1531}}, {"type": "Feature", "geometry": {"type": "Polygon", "coordinates": [[[-98.11561712996902, 19.01564276592174], [-98.11110947136314, 19.018539376616935], [-98.11142489949557, 19.023667448804996], [-98.11624837322846, 19.025899010220925], [-98.12075629866797, 19.02300224836884], [-98.12044048353832, 19.01787407627326], [-98.11561712996902, 19.01564276592174]]]}, "properties": {"h3_index": "884994a9b7fffff", "conteo": 81}}, {"type": "Feature", "geometry": {"type": "Polygon", "coordinates": [[[-97.54283345205288, 18.57015133354158], [-97.53834278175972, 18.57303043430856], [-97.5386333513637, 18.578142505447133], [-97.54341497438364, 18.580375583393806], [-97.54790591762065, 18.577496333553125], [-97.54761496489027, 18.57238415485476], [-97.54283345205288, 18.57015133354158]]]}, "properties": {"h3_index": "884994c133fffff", "conteo": 3}}, {"type": "Feature", "geometry": {"type": "Polygon", "coordinates": [[[-97.47373652024979, 18.582652110339605], [-97.46924563737494, 18.585528985169496], [-97.46953336917264, 18.59064040788832], [-97.47431236688347, 18.59287506440732], [-97.47880352370089, 18.589998041142675], [-97.47851540886117, 18.584886509809014], [-97.47373652024979, 18.582652110339605]]]}, "properties": {"h3_index": "884994c859fffff", "conteo": 3}}, {"type": "Feature", "geometry": {"type": "Polygon", "coordinates": [[[-97.43322666364821, 18.52389498121105], [-97.42873797367334, 18.52677066852805], [-97.42902389446418, 18.53188034902159], [-97.43379888782296, 18.534114451303942], [-97.43828785204214, 18.531238615544442], [-97.43800154865444, 18.526128825960313], [-97.43322666364821, 18.52389498121105]]]}, "properties": {"h3_index": "884994d9b7fffff", "conteo": 4}}, {"type": "Feature", "geometry": {"type": "Polygon", "coordinates": [[[-99.20639189627701, 20.0293552465456], [-99.20184828473212, 20.032284931900314], [-99.20221201595952, 20.037442783320177], [-99.2071197535887, 20.03967103463317], [-99.21166362013757, 20.036741195288805], [-99.21129949405251, 20.031583258637127], [-99.20639189627701, 20.0293552465456]]]}, "properties": {"h3_index": "884995246bfffff", "conteo": 3}}, {"type": "Feature", "geometry": {"type": "Polygon", "coordinates": [[[-98.44095821056473, 20.069000141073072], [-98.43641295345738, 20.07190463814107], [-98.43674464746935, 20.077054848347558], [-98.44162199259158, 20.079300658485877], [-98.44616751623462, 20.076396013736893], [-98.4458354282176, 20.071245706546218], [-98.44095821056473, 20.069000141073072]]]}, "properties": {"h3_index": "8849956835fffff", "conteo": 19}}, {"type": "Feature", "geometry": {"type": "Polygon", "coordinates": [[[-98.41070939820091, 20.040076932637128], [-98.40616519147336, 20.042980525663094], [-98.40649554042633, 20.04812993386169], [-98.41137048987987, 20.050375846441682], [-98.41591496346439, 20.047472105810705], [-98.4155842207362, 20.042322600220377], [-98.41070939820091, 20.040076932637128]]]}, "properties": {"h3_index": "8849956951fffff", "conteo": 6}}, {"type": "Feature", "geometry": {"type": "Polygon", "coordinates": [[[-99.04981224768554, 19.21016046754771], [-99.04529738032018, 19.21308651294593], [-99.04565226476963, 19.218228794972127], [-99.05052240624181, 19.22044511773966], [-99.05503752769987, 19.217518914885147], [-99.05468225359202, 19.212376546735385], [-99.04981224768554, 19.21016046754771]]]}, "properties": {"h3_index": "8849958013fffff", "conteo": 108}}, {"type": "Feature", "geometry": {"type": "Polygon", "coordinates": [[[-99.06655770775106, 19.24766530319744], [-99.06204153712004, 19.250591838216756], [-99.0623972240548, 19.25573498129647], [-99.06726947152666, 19.257951675312437], [-99.07178589615079, 19.255024982920016], [-99.07142981930895, 19.249881753900734], [-99.06655770775106, 19.24766530319744]]]}, "properties": {"h3_index": "8849958083fffff", "conteo": 14}}, {"type": "Feature", "geometry": {"type": "Polygon", "coordinates": [[[-99.05610352426957, 19.232946606109625], [-99.05158786176973, 19.235872826379165], [-99.05194307167811, 19.241015591163436], [-99.05681433388986, 19.24323222176527], [-99.06133025047941, 19.240305844120254], [-99.06097465076648, 19.23516299326488], [-99.05610352426957, 19.232946606109625]]]}, "properties": {"h3_index": "884995808dfffff", "conteo": 13}}, {"type": "Feature", "geometry": {"type": "Polygon", "coordinates": [[[-99.09056420946604, 19.25360345742236], [-99.08604785194228, 19.256530745197143], [-99.08640455740039, 19.26167424871052], [-99.09127801035449, 19.263890550049354], [-99.09579462153913, 19.260963104748182], [-99.09543752610782, 19.255819515650582], [-99.09056420946604, 19.25360345742236]]]}, "properties": {"h3_index": "884995809bfffff", "conteo": 84}}, {"type": "Feature", "geometry": {"type": "Polygon", "coordinates": [[[-99.00917461253856, 19.23648962550593], [-99.00465878874354, 19.23941435727105], [-99.00501204974499, 19.244556689530302], [-99.0098815243061, 19.246774376834605], [-99.01439760289873, 19.24384948808067], [-99.01404395213154, 19.23870706902722], [-99.00917461253856, 19.23648962550593]]]}, "properties": {"h3_index": "88499581d5fffff", "conteo": 56}}, {"type": "Feature", "geometry": {"type": "Polygon", "coordinates": [[[-99.06431439068201, 19.14703772048252], [-99.05980175164497, 19.14996428460344], [-99.06015706685082, 19.15510555819555], [-99.06502541038707, 19.157320353463753], [-99.06953830305311, 19.15439363141392], [-99.06918259855291, 19.149252272040805], [-99.06431439068201, 19.14703772048252]]]}, "properties": {"h3_index": "8849958215fffff", "conteo": 3}}, {"type": "Feature", "geometry": {"type": "Polygon", "coordinates": [[[-99.09258181332783, 19.21467430962771], [-99.08806682521343, 19.21760170114871], [-99.08842350691056, 19.22274451635916], [-99.09329556646078, 19.22496002554376], [-99.0978108080526, 19.222032476258818], [-99.09745373661585, 19.216889575569247], [-99.09258181332783, 19.21467430962771]]]}, "properties": {"h3_index": "88499582b3fffff", "conteo": 3}}, {"type": "Feature", "geometry": {"type": "Polygon", "coordinates": [[[-99.0967396812871, 19.206604067758065], [-99.0922249805109, 19.209531598430218], [-99.09258181332783, 19.21467430962771], [-99.09745373661585, 19.216889575569247], [-99.10196869077603, 19.213961887054815], [-99.10161146826327, 19.208819090457144], [-99.0967396812871, 19.206604067758065]]]}, "properties": {"h3_index": "88499582bbfffff", "conteo": 11}}, {"type": "Feature", "geometry": {"type": "Polygon", "coordinates": [[[-99.09875473881992, 19.167680250732833], [-99.09424140648372, 19.1706078813513], [-99.09459821540331, 19.175749898675555], [-99.09946874612064, 19.177964370692173], [-99.10398233165763, 19.175036581994128], [-99.10362513327556, 19.16989447937506], [-99.09875473881992, 19.167680250732833]]]}, "properties": {"h3_index": "88499582c3fffff", "conteo": 23}}, {"type": "Feature", "geometry": {"type": "Polygon", "coordinates": [[[-99.13966907774525, 19.28090572504752], [-99.13515181008249, 19.28383453640072], [-99.13551064147562, 19.288979048123718], [-99.14038713072999, 19.291194833395245], [-99.14490465143247, 19.288265864288945], [-99.14454542984001, 19.283121267680244], [-99.13966907774525, 19.28090572504752]]]}, "properties": {"h3_index": "8849958467fffff", "conteo": 22}}, {"type": "Feature", "geometry": {"type": "Polygon", "coordinates": [[[-99.1136377319124, 19.313910313353897], [-99.10911927708716, 19.316838264688183], [-99.1094771134794, 19.321983099634533], [-99.11435379506396, 19.324200068608782], [-99.11887250344576, 19.321271959912167], [-99.11851427668554, 19.31612703961966], [-99.1136377319124, 19.313910313353897]]]}, "properties": {"h3_index": "8849958517fffff", "conteo": 11}}, {"type": "Feature", "geometry": {"type": "Polygon", "coordinates": [[[-99.11149024511201, 19.283043361347303], [-99.10697287323586, 19.28597127922047], [-99.10733053407385, 19.291115535416786], [-99.11220595696494, 19.29333195907641], [-99.11672358230776, 19.290403883681645], [-99.11636553129189, 19.285259542164866], [-99.11149024511201, 19.283043361347303]]]}, "properties": {"h3_index": "8849958555fffff", "conteo": 9}}, {"type": "Feature", "geometry": {"type": "Polygon", "coordinates": [[[-99.06869334828957, 19.278525585398615], [-99.06417609501464, 19.28145215378065], [-99.06453195648861, 19.286595879129386], [-99.06940546133357, 19.288813122077798], [-99.07392296869199, 19.285886396481978], [-99.07356671712095, 19.280742585167527], [-99.06869334828957, 19.278525585398615]]]}, "properties": {"h3_index": "8849958565fffff", "conteo": 94}}, {"type": "Feature", "geometry": {"type": "Polygon", "coordinates": [[[-99.137664246208, 19.319848145770948], [-99.13314560748569, 19.322776851240015], [-99.13350446383883, 19.327922043528606], [-99.13838234934684, 19.33013861535425], [-99.14290124129207, 19.327209752369647], [-99.14254199450549, 19.322064475090965], [-99.137664246208, 19.319848145770948]]]}, "properties": {"h3_index": "88499585c1fffff", "conteo": 29}}, {"type": "Feature", "geometry": {"type": "Polygon", "coordinates": [[[-99.10827098976416, 19.236749471694605], [-99.10375524136296, 19.239677336503817], [-99.10411263910983, 19.244820719120852], [-99.10898617514991, 19.24703632222628], [-99.11350217688299, 19.24410829965672], [-99.11314438924319, 19.238964831758096], [-99.10827098976416, 19.236749471694605]]]}, "properties": {"h3_index": "8849958729fffff", "conteo": 14}}, {"type": "Feature", "geometry": {"type": "Polygon", "coordinates": [[[-99.11242890169865, 19.228678188459], [-99.10791344091598, 19.2316061926544], [-99.10827098976416, 19.236749471694605], [-99.11314438924319, 19.238964831758096], [-99.11766010326427, 19.236036669724015], [-99.11730216456698, 19.230893305481153], [-99.11242890169865, 19.228678188459]]]}, "properties": {"h3_index": "8849958763fffff", "conteo": 19}}, {"type": "Feature", "geometry": {"type": "Polygon", "coordinates": [[[-99.02183095314136, 19.351862678716177], [-99.01731108213795, 19.354787670267037], [-99.01766518904036, 19.359932219365632], [-99.02253955742785, 19.362151863749762], [-99.02705968349949, 19.359226715769864], [-99.02670518611434, 19.354082079850848], [-99.02183095314136, 19.351862678716177]]]}, "properties": {"h3_index": "8849958c57fffff", "conteo": 259}}, {"type": "Feature", "geometry": {"type": "Polygon", "coordinates": [[[-99.0657092698186, 19.37183509662083], [-99.06118873224578, 19.37476145638946], [-99.06154472744261, 19.379906824901838], [-99.06642165087155, 19.38212591984953], [-99.07094244294146, 19.379199403423016], [-99.07058605708431, 19.374053948722683], [-99.0657092698186, 19.37183509662083]]]}, "properties": {"h3_index": "8849958eb1fffff", "conteo": 3}}, {"type": "Feature", "geometry": {"type": "Polygon", "coordinates": [[[-99.05855319808461, 19.47324503008059], [-99.05402908335849, 19.47617101971699], [-99.05438506041037, 19.48131810233836], [-99.05926554345606, 19.483539281826822], [-99.06378991318786, 19.480613136168113], [-99.06343354486727, 19.475465967059232], [-99.05855319808461, 19.47324503008059]]]}, "properties": {"h3_index": "884995b923fffff", "conteo": 9}}, {"type": "Feature", "geometry": {"type": "Polygon", "coordinates": [[[-99.12130215709436, 19.491816122831136], [-99.11677744807444, 19.494744086329987], [-99.11713610066771, 19.499892149730886], [-99.12201985374018, 19.502112335211674], [-99.12654481690576, 19.49918421530654], [-99.12618577285231, 19.494036066342897], [-99.12130215709436, 19.491816122831136]]]}, "properties": {"h3_index": "884995b9c3fffff", "conteo": 3}}, {"type": "Feature", "geometry": {"type": "Polygon", "coordinates": [[[-99.18374015105464, 19.37067032595507], [-99.17921977700041, 19.373600432829512], [-99.17958070027522, 19.37874701127184], [-99.18446238840109, 19.38096356723688], [-99.18898301519236, 19.378033302778302], [-99.18862170111993, 19.372886639954867], [-99.18374015105464, 19.37067032595507]]]}, "properties": {"h3_index": "884995ba4bfffff", "conteo": 3}}, {"type": "Feature", "geometry": {"type": "Polygon", "coordinates": [[[-99.10021037994821, 19.392511769443026], [-99.09568914678508, 19.39543919859144], [-99.09604664095855, 19.40058529641745], [-99.10092575912351, 19.402804050810676], [-99.10544724635321, 19.399876464853165], [-99.10508936135044, 19.394730281327533], [-99.10021037994821, 19.392511769443026]]]}, "properties": {"h3_index": "884995bb0dfffff", "conteo": 3}}, {"type": "Feature", "geometry": {"type": "Polygon", "coordinates": [[[-99.13056541138897, 19.421262099562448], [-99.12604319707283, 19.424190455850724], [-99.12640203995045, 19.42933737891724], [-99.13128348818495, 19.431556031000905], [-99.13580595622975, 19.42862751783103], [-99.1354467223105, 19.423480509475095], [-99.13056541138897, 19.421262099562448]]]}, "properties": {"h3_index": "884995bb13fffff", "conteo": 4}}, {"type": "Feature", "geometry": {"type": "Polygon", "coordinates": [[[-99.09913753071665, 19.377074060667063], [-99.09461683979808, 19.380001475640185], [-99.0949742462084, 19.38514728812182], [-99.09985273427039, 19.38736577133331], [-99.10437367921043, 19.38443819947132], [-99.10401588206607, 19.379292301302705], [-99.09913753071665, 19.377074060667063]]]}, "properties": {"h3_index": "884995bb45fffff", "conteo": 12}}, {"type": "Feature", "geometry": {"type": "Polygon", "coordinates": [[[-99.1231735112396, 19.38301848229289], [-99.11865263526029, 19.385946652995276], [-99.11901106251604, 19.39109282220154], [-99.12389075655005, 19.39331090605215], [-99.128411886217, 19.39038257830743], [-99.1280530681614, 19.385236323770457], [-99.1231735112396, 19.38301848229289]]]}, "properties": {"h3_index": "884995bb5dfffff", "conteo": 21}}, {"type": "Feature", "geometry": {"type": "Polygon", "coordinates": [[[-98.56225853847226, 19.246393962445275], [-98.55774230444626, 19.249304460244808], [-98.55807693870582, 19.254442065106286], [-98.56292819616574, 19.25666926579682], [-98.56744469157111, 19.253758614589795], [-98.56710966813529, 19.248620916115485], [-98.56225853847226, 19.246393962445275]]]}, "properties": {"h3_index": "884995c031fffff", "conteo": 61}}, {"type": "Feature", "geometry": {"type": "Polygon", "coordinates": [[[-98.54352489940486, 19.247760128779507], [-98.53900862612252, 19.25067002499577], [-98.5393424820624, 19.255807442201363], [-98.544193000437, 19.258035057106074], [-98.54870953537586, 19.255125007639297], [-98.54837529028164, 19.249987496534082], [-98.54352489940486, 19.247760128779507]]]}, "properties": {"h3_index": "884995c1c9fffff", "conteo": 6}}, {"type": "Feature", "geometry": {"type": "Polygon", "coordinates": [[[-98.53433750730885, 19.178756476410904], [-98.52982366547562, 19.18166619340512], [-98.53015695886927, 19.186802238268243], [-98.53500448281557, 19.189028660057595], [-98.53951858615717, 19.186118789489548], [-98.53918490404217, 19.18098265072174], [-98.53433750730885, 19.178756476410904]]]}, "properties": {"h3_index": "884995c303fffff", "conteo": 3}}, {"type": "Feature", "geometry": {"type": "Polygon", "coordinates": [[[-98.53233723461956, 19.147942299181995], [-98.52782447689525, 19.15085200089067], [-98.52815760693932, 19.1559874520202], [-98.53300388323737, 19.15821329533158], [-98.53751690237353, 19.155303439888076], [-98.53718338379787, 19.15016789488377], [-98.53233723461956, 19.147942299181995]]]}, "properties": {"h3_index": "884995c341fffff", "conteo": 31}}, {"type": "Feature", "geometry": {"type": "Polygon", "coordinates": [[[-98.56141845751245, 19.161295053932058], [-98.55690521617002, 19.16420566218112], [-98.55723959378639, 19.169341691777877], [-98.56208760140264, 19.17156720660135], [-98.56660110379035, 19.168656444462812], [-98.56626633751463, 19.163520321406033], [-98.56141845751245, 19.161295053932058]]]}, "properties": {"h3_index": "884995c35bfffff", "conteo": 16}}, {"type": "Feature", "geometry": {"type": "Polygon", "coordinates": [[[-98.5827021137342, 19.4153052192447], [-98.57817992286142, 19.41821606395668], [-98.57851585200676, 19.423356941010777], [-98.58337436225793, 19.425587066995657], [-98.58789681490165, 19.422676069684965], [-98.58756049552143, 19.41753509900387], [-98.5827021137342, 19.4153052192447]]]}, "properties": {"h3_index": "884995ccc1fffff", "conteo": 10}}, {"type": "Feature", "geometry": {"type": "Polygon", "coordinates": [[[-98.50248242700808, 19.413365370792064], [-98.49796034324515, 19.41627363658327], [-98.49829291499542, 19.421413569490973], [-98.5031479605997, 19.423645331463778], [-98.5076703072913, 19.42073691370262], [-98.50733734544792, 19.415596885954344], [-98.50248242700808, 19.413365370792064]]]}, "properties": {"h3_index": "884995cd13fffff", "conteo": 3}}, {"type": "Feature", "geometry": {"type": "Polygon", "coordinates": [[[-96.55340654691511, 19.30495894475743], [-96.54889441449161, 19.307803586118247], [-96.5491454230227, 19.3129163226592], [-96.55390894892336, 19.31518454158578], [-96.55842137083818, 19.312339763735775], [-96.55816997735566, 19.30722690346298], [-96.55340654691511, 19.30495894475743]]]}, "properties": {"h3_index": "88499619a9fffff", "conteo": 67}}, {"type": "Feature", "geometry": {"type": "Polygon", "coordinates": [[[-96.22405928098598, 19.21758628022378], [-96.2195522539569, 19.220420283044426], [-96.21978939777509, 19.2255265411396], [-96.22453395203591, 19.227798924798556], [-96.22904127246723, 19.22496478779047], [-96.22880374522963, 19.21985840132527], [-96.22405928098598, 19.21758628022378]]]}, "properties": {"h3_index": "8849965129fffff", "conteo": 6}}, {"type": "Feature", "geometry": {"type": "Polygon", "coordinates": [[[-96.26318596615081, 19.161436580952028], [-96.25868066822017, 19.164272137354963], [-96.25891933309582, 19.16937792794501], [-96.26366367910136, 19.171648289828518], [-96.26816926966873, 19.168812598566582], [-96.26793022158806, 19.16370668029456], [-96.26318596615081, 19.161436580952028]]]}, "properties": {"h3_index": "8849965305fffff", "conteo": 3}}, {"type": "Feature", "geometry": {"type": "Polygon", "coordinates": [[[-96.37152650869308, 19.293115155297386], [-96.36701587345684, 19.295953764705573], [-96.36725929080532, 19.301063621738024], [-96.37201372771756, 19.303334995749534], [-96.37652465478216, 19.30049625133752], [-96.37628085310051, 19.295386267932297], [-96.37152650869308, 19.293115155297386]]]}, "properties": {"h3_index": "8849965545fffff", "conteo": 3}}, {"type": "Feature", "geometry": {"type": "Polygon", "coordinates": [[[-97.14193545114178, 19.329079060323107], [-97.1374195689712, 19.33194315817397], [-97.13769514380485, 19.337064590586014], [-97.14248698752249, 19.339322040256054], [-97.14700315139874, 19.336457801082805], [-97.14672718984731, 19.331336253576875], [-97.14193545114178, 19.329079060323107]]]}, "properties": {"h3_index": "884996a11dfffff", "conteo": 4}}, {"type": "Feature", "geometry": {"type": "Polygon", "coordinates": [[[-100.38217230491895, 23.37574448902274], [-100.37751104854124, 23.378698623334635], [-100.3779351355867, 23.383901778371936], [-100.38302089614314, 23.386150870993028], [-100.38768240218614, 23.38319659284851], [-100.3872578980089, 23.377993365931967], [-100.38217230491895, 23.37574448902274]]]}, "properties": {"h3_index": "88499908cdfffff", "conteo": 7}}, {"type": "Feature", "geometry": {"type": "Polygon", "coordinates": [[[-98.12015258969345, 23.45274915819267], [-98.11548449081751, 23.455620342109565], [-98.11581133471012, 23.460802294204672], [-98.12080669252065, 23.463113169068293], [-98.12547507749352, 23.46024185987739], [-98.12514781855599, 23.455059801112295], [-98.12015258969345, 23.45274915819267]]]}, "properties": {"h3_index": "88499a602bfffff", "conteo": 7}}, {"type": "Feature", "geometry": {"type": "Polygon", "coordinates": [[[-98.5812893893417, 22.43369184145303], [-98.57665867933518, 22.436588535371573], [-98.57700260515561, 22.441768730581114], [-98.58197765016743, 22.444052330366038], [-98.58660863468097, 22.441155501420734], [-98.58626429967367, 22.435975207732906], [-98.5812893893417, 22.43369184145303]]]}, "properties": {"h3_index": "88499a922dfffff", "conteo": 16}}, {"type": "Feature", "geometry": {"type": "Polygon", "coordinates": [[[-99.2643645778573, 24.141598932543957], [-99.25967103733653, 24.14450602734298], [-99.26004928629112, 24.149702583953427], [-99.26512149719908, 24.151992135713407], [-99.26981530890656, 24.149084910194766], [-99.26943663851863, 24.143888263651785], [-99.2643645778573, 24.141598932543957]]]}, "properties": {"h3_index": "88499b7585fffff", "conteo": 10}}, {"type": "Feature", "geometry": {"type": "Polygon", "coordinates": [[[-99.0862762053263, 23.432820264116906], [-99.08160888417649, 23.435727241571744], [-99.08197732168387, 23.44091931053588], [-99.08701349681377, 23.44320449400326], [-99.09168108893333, 23.44029738320342], [-99.09131223495218, 23.435105222297118], [-99.0862762053263, 23.432820264116906]]]}, "properties": {"h3_index": "88499bc1dbfffff", "conteo": 186}}, {"type": "Feature", "geometry": {"type": "Polygon", "coordinates": [[[-99.38566176658145, 21.997201354839266], [-99.38104775987848, 22.000129206214005], [-99.38142479071955, 22.005313703255762], [-99.38641623570584, 22.007570434505567], [-99.39103050260975, 22.0046424391007], [-99.39065306432597, 21.99945785649218], [-99.38566176658145, 21.997201354839266]]]}, "properties": {"h3_index": "88499c6d53fffff", "conteo": 3}}, {"type": "Feature", "geometry": {"type": "Polygon", "coordinates": [[[-100.58347120532349, 22.08159488507744], [-100.5788584022949, 22.084563387257045], [-100.5792867486116, 22.089758993219764], [-100.5843283066916, 22.091986164130194], [-100.58894135103694, 22.08901750920103], [-100.58851259598737, 22.083821836127488], [-100.58347120532349, 22.08159488507744]]]}, "properties": {"h3_index": "88499d0325fffff", "conteo": 30}}, {"type": "Feature", "geometry": {"type": "Polygon", "coordinates": [[[-101.05177375164604, 22.43764212261463], [-101.04715070986938, 22.44062493309506], [-101.04760025369747, 22.445826944092676], [-101.05267325034953, 22.448046204900287], [-101.05729652701794, 22.44506324024165], [-101.05684657214528, 22.439861168970264], [-101.05177375164604, 22.43764212261463]]]}, "properties": {"h3_index": "88499d351bfffff", "conteo": 3}}, {"type": "Feature", "geometry": {"type": "Polygon", "coordinates": [[[-101.34551036494265, 22.170567927832938], [-101.34089903388916, 22.173561732339383], [-101.34136013811946, 22.178763489170315], [-101.34643298265294, 22.180971496821826], [-101.35104454269121, 22.17797753448708], [-101.35058302921453, 22.172775722345857], [-101.34551036494265, 22.170567927832938]]]}, "properties": {"h3_index": "88499da689fffff", "conteo": 3}}, {"type": "Feature", "geometry": {"type": "Polygon", "coordinates": [[[-98.10305364764018, 22.027300835600666], [-98.09843818420138, 22.030183439524336], [-98.09876061760765, 22.03535462701361], [-98.10369892015837, 22.037643315800945], [-98.10831466353599, 22.03476057842131], [-98.10799182442119, 22.029589285725702], [-98.10305364764018, 22.027300835600666]]]}, "properties": {"h3_index": "88499e4505fffff", "conteo": 38}}, {"type": "Feature", "geometry": {"type": "Polygon", "coordinates": [[[-102.11398713866039, 17.573698311368574], [-102.10954347324564, 17.576710780151807], [-102.11001994780514, 17.581844713854892], [-102.11494046840113, 17.58396621441072], [-102.11938433485142, 17.58095355708611], [-102.11890747967449, 17.575819587764116], [-102.11398713866039, 17.573698311368574]]]}, "properties": {"h3_index": "8849a06c1dfffff", "conteo": 19}}, {"type": "Feature", "geometry": {"type": "Polygon", "coordinates": [[[-101.16293830791561, 17.313253959841234], [-101.15849650944911, 17.316238914075527], [-101.15893306214481, 17.321360336275678], [-101.16381179285698, 17.32349685412325], [-101.16825380650508, 17.32051171642357], [-101.16781687426203, 17.315390244358596], [-101.16293830791561, 17.313253959841234]]]}, "properties": {"h3_index": "8849a21143fffff", "conteo": 3}}, {"type": "Feature", "geometry": {"type": "Polygon", "coordinates": [[[-101.32406283748605, 17.38372032923936], [-101.31961965594762, 17.386710095168404], [-101.32006305816259, 17.39183437988239], [-101.32495002184443, 17.393968946199298], [-101.32939341629321, 17.390978996063364], [-101.32894963415269, 17.38585466383433], [-101.32406283748605, 17.38372032923936]]]}, "properties": {"h3_index": "8849a21739fffff", "conteo": 6}}, {"type": "Feature", "geometry": {"type": "Polygon", "coordinates": [[[-102.47502745374369, 18.434685694390023], [-102.47055757910992, 18.43771257784553], [-102.47105210774203, 18.442867075247214], [-102.47601689636666, 18.444994720771184], [-102.48048696882915, 18.441967650953522], [-102.47999205484335, 18.436813121991115], [-102.47502745374369, 18.434685694390023]]]}, "properties": {"h3_index": "8849a32245fffff", "conteo": 3}}, {"type": "Feature", "geometry": {"type": "Polygon", "coordinates": [[[-104.02099261975377, 20.11730439990591], [-104.01648263581579, 20.120381914088313], [-104.01704794534818, 20.12557172617216], [-104.02212363178545, 20.127684034065645], [-104.0266337922285, 20.124606332888078], [-104.02606808973732, 20.11941651082931], [-104.02099261975377, 20.11730439990591]]]}, "properties": {"h3_index": "8849a86c85fffff", "conteo": 4}}, {"type": "Feature", "geometry": {"type": "Polygon", "coordinates": [[[-104.37887330596119, 19.286481276598145], [-104.37439729149509, 19.28956524464471], [-104.37497370513664, 19.29474267403306], [-104.38002652038146, 19.296836138379994], [-104.3845027029005, 19.293751976722326], [-104.38392590213037, 19.28857454434596], [-104.37887330596119, 19.286481276598145]]]}, "properties": {"h3_index": "8849a88c33fffff", "conteo": 3}}, {"type": "Feature", "geometry": {"type": "Polygon", "coordinates": [[[-104.18618468785635, 19.02381070658354], [-104.18171494412694, 19.026887954967734], [-104.1822822857294, 19.03206032214541], [-104.18731975708194, 19.034155446566338], [-104.19178967151569, 19.031078004299996], [-104.19122194390077, 19.02590563151203], [-104.18618468785635, 19.02381070658354]]]}, "properties": {"h3_index": "8849a8993bfffff", "conteo": 193}}, {"type": "Feature", "geometry": {"type": "Polygon", "coordinates": [[[-105.1312158134993, 20.356834140392362], [-105.12671453419185, 20.35994417937018], [-105.12732683164347, 20.36513917579458], [-105.1324407999619, 20.367224125998035], [-105.13694223672171, 20.364113894901728], [-105.1363295477209, 20.358918905737532], [-105.1312158134993, 20.356834140392362]]]}, "properties": {"h3_index": "8849a90d35fffff", "conteo": 27}}, {"type": "Feature", "geometry": {"type": "Polygon", "coordinates": [[[-103.41918763166858, 20.381341964986312], [-103.4146604827883, 20.384402615969314], [-103.41520192173368, 20.38959440460171], [-103.42027090533412, 20.391725562192974], [-103.42479824193599, 20.38866472936633], [-103.42425640722286, 20.383472920809155], [-103.41918763166858, 20.381341964986312]]]}, "properties": {"h3_index": "8849aa2765fffff", "conteo": 6}}, {"type": "Feature", "geometry": {"type": "Polygon", "coordinates": [[[-103.18172834911057, 20.380596516306593], [-103.17719835783586, 20.383650104718622], [-103.17772989735222, 20.388841023004996], [-103.18279182431571, 20.3909783765798], [-103.18732200740921, 20.38792460782335], [-103.18679007172702, 20.38273366585359], [-103.18172834911057, 20.380596516306593]]]}, "properties": {"h3_index": "8849aa2a27fffff", "conteo": 116}}, {"type": "Feature", "geometry": {"type": "Polygon", "coordinates": [[[-103.20250924677484, 20.394335567822377], [-103.1979790175306, 20.39738980147201], [-103.19851148031736, 20.40258099001078], [-103.20357456857171, 20.404717968293053], [-103.20810498931777, 20.40166355424239], [-103.20757213031432, 20.396472342327563], [-103.20250924677484, 20.394335567822377]]]}, "properties": {"h3_index": "8849aa2a37fffff", "conteo": 304}}, {"type": "Feature", "geometry": {"type": "Polygon", "coordinates": [[[-103.23449208136492, 20.422729207499653], [-103.22996123308452, 20.425784447445416], [-103.23049514707901, 20.430976149430244], [-103.23556030569955, 20.4331126344007], [-103.24009134501483, 20.430057214007153], [-103.23955703468137, 20.42486548910801], [-103.23449208136492, 20.422729207499653]]]}, "properties": {"h3_index": "8849aa2aabfffff", "conteo": 285}}, {"type": "Feature", "geometry": {"type": "Polygon", "coordinates": [[[-103.14177300523644, 20.368686014237593], [-103.13724296459965, 20.37173838849937], [-103.13777278888958, 20.37692898671203], [-103.14283304997927, 20.379067234976972], [-103.14736328308669, 20.376014680560182], [-103.14683306264031, 20.370824058050527], [-103.14177300523644, 20.368686014237593]]]}, "properties": {"h3_index": "8849aa2b01fffff", "conteo": 29}}, {"type": "Feature", "geometry": {"type": "Polygon", "coordinates": [[[-103.2584286617398, 20.278899419873476], [-103.25390315376802, 20.281955087983132], [-103.25443746934044, 20.287144859651303], [-103.2594976883069, 20.289278985535958], [-103.26402338647551, 20.28622313603291], [-103.2634886754876, 20.281033342055682], [-103.2584286617398, 20.278899419873476]]]}, "properties": {"h3_index": "8849aa3ab7fffff", "conteo": 123}}, {"type": "Feature", "geometry": {"type": "Polygon", "coordinates": [[[-102.38696246432956, 20.062369386067974], [-102.3824351432843, 20.06539863255709], [-102.38293225542677, 20.070581373277903], [-102.38795708388682, 20.072734903257317], [-102.3924846092804, 20.069705479854633], [-102.3919871018707, 20.06452270340309], [-102.38696246432956, 20.062369386067974]]]}, "properties": {"h3_index": "8849aa4b2bfffff", "conteo": 3}}, {"type": "Feature", "geometry": {"type": "Polygon", "coordinates": [[[-102.43172838845939, 20.026887276492694], [-102.42720274816013, 20.02991781443979], [-102.42770159121079, 20.035100245961807], [-102.43272646956804, 20.037252174520738], [-102.43725231335216, 20.034221459165174], [-102.43675307529931, 20.029038992676135], [-102.43172838845939, 20.026887276492694]]]}, "properties": {"h3_index": "8849aa59b3fffff", "conteo": 13}}, {"type": "Feature", "geometry": {"type": "Polygon", "coordinates": [[[-103.03471408911142, 20.363140369093657], [-103.03018300963895, 20.366189533262915], [-103.03070834557245, 20.371379629521645], [-103.03576515727259, 20.373520587610365], [-103.0402964310371, 20.37047124394239], [-103.03977069881574, 20.36528112170147], [-103.03471408911142, 20.363140369093657]]]}, "properties": {"h3_index": "8849aa75d9fffff", "conteo": 7}}, {"type": "Feature", "geometry": {"type": "Polygon", "coordinates": [[[-103.44896036762292, 19.184710375924336], [-103.44447530718773, 19.187767983220745], [-103.44501298635308, 19.192940986689354], [-103.4500361144147, 19.1950564004004], [-103.4545213586212, 19.191998604549774], [-103.45398329100166, 19.186825583559447], [-103.44896036762292, 19.184710375924336]]]}, "properties": {"h3_index": "8849ae2005fffff", "conteo": 3}}, {"type": "Feature", "geometry": {"type": "Polygon", "coordinates": [[[-103.48052278563283, 19.118867559818426], [-103.47604039199435, 19.121925758877694], [-103.47657909998809, 19.127097706310977], [-103.48160058963126, 19.129211471616067], [-103.48608316631814, 19.126153083452596], [-103.48554407032039, 19.12098111910537], [-103.48052278563283, 19.118867559818426]]]}, "properties": {"h3_index": "8849ae220dfffff", "conteo": 3}}, {"type": "Feature", "geometry": {"type": "Polygon", "coordinates": [[[-103.44017544469577, 19.146387321616768], [-103.43569160220297, 19.149444512144182], [-103.43622876002499, 19.154616804943657], [-103.44125014858666, 19.15673192482957], [-103.44573417489143, 19.153674545596257], [-103.44519662882944, 19.148502235200052], [-103.44017544469577, 19.146387321616768]]]}, "properties": {"h3_index": "8849ae2311fffff", "conteo": 23}}, {"type": "Feature", "geometry": {"type": "Polygon", "coordinates": [[[-103.43461741733036, 19.139100208428786], [-103.43013375872323, 19.14215721024563], [-103.4306706570531, 19.14732935325859], [-103.43569160220297, 19.149444512144182], [-103.44017544469577, 19.146387321616768], [-103.43963815815988, 19.141215160931463], [-103.43461741733036, 19.139100208428786]]]}, "properties": {"h3_index": "8849ae231dfffff", "conteo": 66}}, {"type": "Feature", "geometry": {"type": "Polygon", "coordinates": [[[-103.35783930635968, 19.185881253547404], [-103.35335309533055, 19.18893629773878], [-103.35388701803782, 19.194108987192028], [-103.3589075403995, 19.196226651433335], [-103.36339393675098, 19.193171419261716], [-103.36285962542517, 19.18799871084616], [-103.35783930635968, 19.185881253547404]]]}, "properties": {"h3_index": "8849ae2a5bfffff", "conteo": 25}}, {"type": "Feature", "geometry": {"type": "Polygon", "coordinates": [[[-103.14863393628235, 19.39449248565912], [-103.14413802122463, 19.39754240623638], [-103.14466414874286, 19.40271790306883], [-103.14968658153842, 19.40484350195306], [-103.15418268606832, 19.40179339584078], [-103.15365616833685, 19.396617876396387], [-103.14863393628235, 19.39449248565912]]]}, "properties": {"h3_index": "8849ae64a7fffff", "conteo": 3}}, {"type": "Feature", "geometry": {"type": "Polygon", "coordinates": [[[-103.17959585355993, 19.27390073160535], [-103.17510448249116, 19.27695108232895], [-103.17563140069717, 19.28212462485973], [-103.18065007941692, 19.28424783860653], [-103.18514163908172, 19.281197301498423], [-103.18461433143715, 19.276023737045136], [-103.17959585355993, 19.27390073160535]]]}, "properties": {"h3_index": "8849ae661dfffff", "conteo": 4}}, {"type": "Feature", "geometry": {"type": "Polygon", "coordinates": [[[-103.22396226608072, 19.144187999638817], [-103.21947590686479, 19.14723908459831], [-103.22000413045279, 19.152410518064606], [-103.22501910185234, 19.154530887593992], [-103.22950564853765, 19.151479615269412], [-103.22897703636053, 19.14630816079765], [-103.22396226608072, 19.144187999638817]]]}, "properties": {"h3_index": "8849ae7689fffff", "conteo": 4}}, {"type": "Feature", "geometry": {"type": "Polygon", "coordinates": [[[-103.52112599424046, 18.54316718784073], [-103.51666393704117, 18.546223561988697], [-103.51720192897334, 18.551384861091474], [-103.52220236261735, 18.553489801368354], [-103.52666460056422, 18.55043323479468], [-103.5261262241264, 18.54527192038699], [-103.52112599424046, 18.54316718784073]]]}, "properties": {"h3_index": "8849ae8431fffff", "conteo": 134}}, {"type": "Feature", "geometry": {"type": "Polygon", "coordinates": [[[-103.57560036747859, 18.561152533075415], [-103.57113837211244, 18.564210495697196], [-103.57167867485613, 18.56937234117919], [-103.57668135748683, 18.571476238533837], [-103.58114353273116, 18.56841808324725], [-103.58060284547365, 18.563256223287983], [-103.57560036747859, 18.561152533075415]]]}, "properties": {"h3_index": "8849ae84d5fffff", "conteo": 6}}, {"type": "Feature", "geometry": {"type": "Polygon", "coordinates": [[[-103.30021652778167, 18.34638019408782], [-103.29575854883647, 18.349429418868763], [-103.29628666677915, 18.354585950979498], [-103.30127314739323, 18.356693276770834], [-103.3057313102437, 18.353643859890507], [-103.30520280858131, 18.3484873093354], [-103.30021652778167, 18.34638019408782]]]}, "properties": {"h3_index": "8849ae9ab1fffff", "conteo": 8}}, {"type": "Feature", "geometry": {"type": "Polygon", "coordinates": [[[-99.09958712315625, 17.35177156414283], [-99.0951368549159, 17.35469787755161], [-99.09548871483888, 17.3598013496895], [-99.10029122165683, 17.36197858994554], [-99.10474173605952, 17.35905210829288], [-99.10438949748101, 17.353948554644234], [-99.09958712315625, 17.35177156414283]]]}, "properties": {"h3_index": "8849b00183fffff", "conteo": 80}}, {"type": "Feature", "geometry": {"type": "Polygon", "coordinates": [[[-99.29804609003125, 17.327897167274376], [-99.29359684941451, 17.330829214842236], [-99.29395680839227, 17.335934218402407], [-99.29876638673333, 17.338107252863907], [-99.3032158705573, 17.335175035418153], [-99.30285553283241, 17.330069953405058], [-99.29804609003125, 17.327897167274376]]]}, "properties": {"h3_index": "8849b0060bfffff", "conteo": 91}}, {"type": "Feature", "geometry": {"type": "Polygon", "coordinates": [[[-100.29550852243678, 18.086752445932543], [-100.29103577296242, 18.08971559792804], [-100.29143910197696, 18.094847516969295], [-100.29631556444626, 18.09701634883754], [-100.30078854508558, 18.094053023702966], [-100.3003848320918, 18.088921039855798], [-100.29550852243678, 18.086752445932543]]]}, "properties": {"h3_index": "8849b106b3fffff", "conteo": 3}}, {"type": "Feature", "geometry": {"type": "Polygon", "coordinates": [[[-99.49626521225964, 18.0756868309436], [-99.49179050471983, 18.07862630551046], [-99.49216074903413, 18.083750467761853], [-99.49700608424378, 18.085935232502784], [-99.50148103490024, 18.08299559067201], [-99.50111040723014, 18.077871351380495], [-99.49626521225964, 18.0756868309436]]]}, "properties": {"h3_index": "8849b14819fffff", "conteo": 3}}, {"type": "Feature", "geometry": {"type": "Polygon", "coordinates": [[[-99.5521887840451, 18.07114827846906], [-99.54771434318165, 18.074089415819856], [-99.54808688769722, 18.079214038153804], [-99.55293425645804, 18.081397599329954], [-99.55740893959373, 18.078456294268072], [-99.5570360116962, 18.073331595757423], [-99.5521887840451, 18.07114827846906]]]}, "properties": {"h3_index": "8849b14a9dfffff", "conteo": 3}}, {"type": "Feature", "geometry": {"type": "Polygon", "coordinates": [[[-100.04445739682252, 18.247363626456366], [-100.03997817612391, 18.250319730038715], [-100.04037161360506, 18.255452830286853], [-100.04524465659028, 18.257629895959987], [-100.04972411284324, 18.254673621963924], [-100.04933029055734, 18.249540452724904], [-100.04445739682252, 18.247363626456366]]]}, "properties": {"h3_index": "8849b17625fffff", "conteo": 3}}, {"type": "Feature", "geometry": {"type": "Polygon", "coordinates": [[[-98.27106455940968, 18.35600278431743], [-98.26657974619637, 18.358905045752508], [-98.26690000273557, 18.36402175532378], [-98.27170545581713, 18.36623629967812], [-98.27619053095216, 18.363333882060108], [-98.27586989108156, 18.35821707628638], [-98.27106455940968, 18.35600278431743]]]}, "properties": {"h3_index": "8849b22cb7fffff", "conteo": 3}}, {"type": "Feature", "geometry": {"type": "Polygon", "coordinates": [[[-98.00549135070082, 17.360638763482736], [-98.00104146932368, 17.363532616187985], [-98.001348342267, 17.36862358980122], [-98.00610547354898, 17.370820808678843], [-98.01055561650298, 17.367926796280678], [-98.01024836659542, 17.362835724713467], [-98.00549135070082, 17.360638763482736]]]}, "properties": {"h3_index": "8849b28b61fffff", "conteo": 5}}, {"type": "Feature", "geometry": {"type": "Polygon", "coordinates": [[[-99.14017293350966, 18.54484524783897], [-99.13568142006982, 18.547774361503375], [-99.13603822758655, 18.552904736975563], [-99.14088693430557, 18.55510608223339], [-99.14537869790067, 18.552176806643047], [-99.14502150462064, 18.547046347736902], [-99.14017293350966, 18.54484524783897]]]}, "properties": {"h3_index": "8849b3041bfffff", "conteo": 29}}, {"type": "Feature", "geometry": {"type": "Polygon", "coordinates": [[[-99.10068385023804, 18.516975656280422], [-99.09619327005625, 18.519903549256608], [-99.09654836133112, 18.52503293928373], [-99.10139441833516, 18.527234520329664], [-99.10588524914324, 18.524306465575492], [-99.10552977232007, 18.519176991569438], [-99.10068385023804, 18.516975656280422]]]}, "properties": {"h3_index": "8849b3046bfffff", "conteo": 7}}, {"type": "Feature", "geometry": {"type": "Polygon", "coordinates": [[[-99.03533750312141, 18.522049871971916], [-99.03084669315722, 18.524975757319627], [-99.03119908579971, 18.530104555473486], [-99.0360426739018, 18.532307553279637], [-99.04053373546843, 18.52938150668781], [-99.0401809573295, 18.524252623549998], [-99.03533750312141, 18.522049871971916]]]}, "properties": {"h3_index": "8849b3056bfffff", "conteo": 3}}, {"type": "Feature", "geometry": {"type": "Polygon", "coordinates": [[[-99.13895365925175, 18.459845166484143], [-99.13446510417879, 18.462774212916027], [-99.13482162610708, 18.467902834630422], [-99.13966708836107, 18.470102493208728], [-99.14415589327758, 18.467173284382426], [-99.1437989860957, 18.462044579388323], [-99.13895365925175, 18.459845166484143]]]}, "properties": {"h3_index": "8849b30647fffff", "conteo": 3}}, {"type": "Feature", "geometry": {"type": "Polygon", "coordinates": [[[-99.22061671514443, 18.35289008612042], [-99.21613196879086, 18.355821563753558], [-99.21649158091861, 18.360948820120853], [-99.22133632411101, 18.36314468068783], [-99.22582131869683, 18.360213039432736], [-99.2254613218573, 18.35508570124876], [-99.22061671514443, 18.35289008612042]]]}, "properties": {"h3_index": "8849b316d1fffff", "conteo": 3}}, {"type": "Feature", "geometry": {"type": "Polygon", "coordinates": [[[-99.2503138575185, 18.574927694378893], [-99.24582142248194, 18.57786019869067], [-99.2461828870526, 18.58299233435558], [-99.25103717273166, 18.58519204753994], [-99.25552985641855, 18.58225938062367], [-99.2551680057754, 18.577127163143665], [-99.2503138575185, 18.574927694378893]]]}, "properties": {"h3_index": "8849b3322dfffff", "conteo": 3}}, {"type": "Feature", "geometry": {"type": "Polygon", "coordinates": [[[-99.29183073725875, 18.563925346392026], [-99.2873387413693, 18.566859119122302], [-99.28770189901407, 18.571991460267927], [-99.29255743860082, 18.574190109858634], [-99.29704968248515, 18.57125617414348], [-99.29668613878725, 18.56612375183864], [-99.29183073725875, 18.563925346392026]]]}, "properties": {"h3_index": "8849b33255fffff", "conteo": 3}}, {"type": "Feature", "geometry": {"type": "Polygon", "coordinates": [[[-98.52463485438126, 18.522310695060042], [-98.52014400461614, 18.5252207742418], [-98.52047519889106, 18.530343909971577], [-98.52529762768576, 18.532557059264324], [-98.52978873644145, 18.529646822834675], [-98.52945715740995, 18.524523594375967], [-98.52463485438126, 18.522310695060042]]]}, "properties": {"h3_index": "8849b340adfffff", "conteo": 4}}, {"type": "Feature", "geometry": {"type": "Polygon", "coordinates": [[[-98.57336106927798, 18.48004478824909], [-98.56887166681507, 18.482956397720073], [-98.56920477425112, 18.48807922262777], [-98.57402766873057, 18.490290529984875], [-98.57851732931654, 18.48737876264153], [-98.57818383729817, 18.482255845829265], [-98.57336106927798, 18.48004478824909]]]}, "properties": {"h3_index": "8849b342bdfffff", "conteo": 19}}, {"type": "Feature", "geometry": {"type": "Polygon", "coordinates": [[[-99.31755482248218, 18.19828925942178], [-99.31307557046883, 18.201223531965], [-99.31343876637908, 18.20634852146024], [-99.31828159820223, 18.208539318448985], [-99.32276109643118, 18.205604880679243], [-99.32239751662084, 18.200479811163483], [-99.31755482248218, 18.19828925942178]]]}, "properties": {"h3_index": "8849b384a5fffff", "conteo": 150}}, {"type": "Feature", "geometry": {"type": "Polygon", "coordinates": [[[-99.39295283123933, 18.138137494133762], [-99.38847577957736, 18.141073963086505], [-99.3888419270325, 18.14619843295304], [-99.39368550977203, 18.148386512629237], [-99.39816280631102, 18.14544987754162], [-99.39779627523305, 18.1403253289289], [-99.39295283123933, 18.138137494133762]]]}, "properties": {"h3_index": "8849b3869dfffff", "conteo": 10}}, {"type": "Feature", "geometry": {"type": "Polygon", "coordinates": [[[-99.3531428401825, 18.566834145553692], [-99.34865083373846, 18.56976979657991], [-99.34901654543638, 18.57490282428062], [-99.35387464971497, 18.57710028119989], [-99.35836690325789, 18.57416446673566], [-99.35800080542283, 18.569031358806363], [-99.3531428401825, 18.566834145553692]]]}, "properties": {"h3_index": "8849b3ad0bfffff", "conteo": 9}}, {"type": "Feature", "geometry": {"type": "Polygon", "coordinates": [[[-99.47450779298931, 18.294002211336842], [-99.47002547827027, 18.296941326900033], [-99.47039544684657, 18.30206994458151], [-99.47524811477375, 18.304259524537866], [-99.47973067375484, 18.301320243087687], [-99.47936032054642, 18.296191547584392], [-99.47450779298931, 18.294002211336842]]]}, "properties": {"h3_index": "8849b3b0abfffff", "conteo": 3}}, {"type": "Feature", "geometry": {"type": "Polygon", "coordinates": [[[-99.52083028654913, 18.220640022361266], [-99.51635060487689, 18.223580442217198], [-99.51672228175812, 18.22870796935122], [-99.5215740245517, 18.23089515360941], [-99.52605394952248, 18.22795456710778], [-99.52568188840092, 18.222826963009926], [-99.52083028654913, 18.220640022361266]]]}, "properties": {"h3_index": "8849b3b289fffff", "conteo": 16}}, {"type": "Feature", "geometry": {"type": "Polygon", "coordinates": [[[-99.35949235390466, 18.326412306983627], [-99.35500871822819, 18.329347979020064], [-99.35537401270773, 18.334476113767806], [-99.360223327571, 18.336668656139835], [-99.36470720933364, 18.333732819271557], [-99.36434153014636, 18.328604604879303], [-99.35949235390466, 18.326412306983627]]]}, "properties": {"h3_index": "8849b3bab3fffff", "conteo": 21}}, {"type": "Feature", "geometry": {"type": "Polygon", "coordinates": [[[-99.23799241136746, 18.266462063878805], [-99.2335106879526, 18.26939399929307], [-99.23387077935003, 18.274519616398372], [-99.2387129783785, 18.27671337947954], [-99.24319494943848, 18.273781279826892], [-99.24283447382419, 18.26865558134761], [-99.23799241136746, 18.266462063878805]]]}, "properties": {"h3_index": "8849b3bb23fffff", "conteo": 3}}, {"type": "Feature", "geometry": {"type": "Polygon", "coordinates": [[[-99.5275539404976, 16.508996054148525], [-99.52313305216659, 16.51193174190288], [-99.52350012901351, 16.517018403045526], [-99.52828846842007, 16.519169449577483], [-99.53270959360941, 16.51623358582892], [-99.5323421425337, 16.511146851559065], [-99.5275539404976, 16.508996054148525]]]}, "properties": {"h3_index": "8849b42003fffff", "conteo": 457}}, {"type": "Feature", "geometry": {"type": "Polygon", "coordinates": [[[-100.37474717898992, 17.12858985752658], [-100.37030766190686, 17.131551982207878], [-100.37071127548585, 17.136662507277773], [-100.37555478452944, 17.138810969292052], [-100.37999452819756, 17.135848665730755], [-100.3795905362383, 17.130738079051856], [-100.37474717898992, 17.12858985752658]]]}, "properties": {"h3_index": "8849b53885fffff", "conteo": 12}}, {"type": "Feature", "geometry": {"type": "Polygon", "coordinates": [[[-100.05161485313366, 16.994756252400325], [-100.04717872785592, 16.99770872548722], [-100.04756867713074, 17.002813012050016], [-100.05239512912785, 17.00496489180323], [-100.0568314853453, 17.002012241459695], [-100.05644115862667, 16.99690788863618], [-100.05161485313366, 16.994756252400325]]]}, "properties": {"h3_index": "8849b5722dfffff", "conteo": 11}}, {"type": "Feature", "geometry": {"type": "Polygon", "coordinates": [[[-100.25693770217268, 17.11573660896947], [-100.25249816208006, 17.11869536886957], [-100.25289690158561, 17.123804531388867], [-100.25773555944085, 17.12595499740994], [-100.26217532784115, 17.122996059409633], [-100.2617762100796, 17.117886833505096], [-100.25693770217268, 17.11573660896947]]]}, "properties": {"h3_index": "8849b576c1fffff", "conteo": 119}}, {"type": "Feature", "geometry": {"type": "Polygon", "coordinates": [[[-95.01418248858648, 16.2473700838176], [-95.0097886885302, 16.250172784714113], [-95.00997136542402, 16.255190340540288], [-95.01454820425782, 16.25740533370737], [-95.01894229885738, 16.25460249143519], [-95.01875926007258, 16.249584797385516], [-95.01418248858648, 16.2473700838176]]]}, "properties": {"h3_index": "886d06902bfffff", "conteo": 5}}, {"type": "Feature", "geometry": {"type": "Polygon", "coordinates": [[[-92.57448178271751, 17.32166436352268], [-92.57008247706352, 17.32438550954254], [-92.57016787599106, 17.329384853928953], [-92.5746529373593, 17.331663226780584], [-92.5790525689278, 17.32894196742218], [-92.5789668132026, 17.323942448562416], [-92.57448178271751, 17.32166436352268]]]}, "properties": {"h3_index": "886d202297fffff", "conteo": 3}}, {"type": "Feature", "geometry": {"type": "Polygon", "coordinates": [[[-93.22239892361388, 17.58957431947072], [-93.21798046000858, 17.592315692689187], [-93.21809219432305, 17.597334781434405], [-93.22262275387553, 17.599612663577812], [-93.22704153817348, 17.59687117281616], [-93.22692944221615, 17.59185191746656], [-93.22239892361388, 17.58957431947072]]]}, "properties": {"h3_index": "886d204559fffff", "conteo": 41}}, {"type": "Feature", "geometry": {"type": "Polygon", "coordinates": [[[-93.2293286514587, 17.498784305174233], [-93.22491324738596, 17.50152636689276], [-93.22502518209261, 17.506543403205953], [-93.22955288202205, 17.508818544072565], [-93.23396860625678, 17.506076364184], [-93.23385631038994, 17.501059161611145], [-93.2293286514587, 17.498784305174233]]]}, "properties": {"h3_index": "886d2045b5fffff", "conteo": 28}}, {"type": "Feature", "geometry": {"type": "Polygon", "coordinates": [[[-92.54782715656462, 17.58581620761003], [-92.5434190922754, 17.58853496405725], [-92.54350359574671, 17.59354021123545], [-92.54799652164327, 17.595826877558363], [-92.55240491347429, 17.593108009679735], [-92.55232005185592, 17.588102586921277], [-92.54782715656462, 17.58581620761003]]]}, "properties": {"h3_index": "886d20a897fffff", "conteo": 307}}, {"type": "Feature", "geometry": {"type": "Polygon", "coordinates": [[[-93.10650153397097, 18.032934743696504], [-93.10206927816279, 18.03566974502827], [-93.10217669997608, 18.04069686538977], [-93.10671674118643, 18.04298915379051], [-93.11114932115179, 18.040254038736236], [-93.11104153573922, 18.03522674901583], [-93.10650153397097, 18.032934743696504]]]}, "properties": {"h3_index": "886d20c031fffff", "conteo": 8}}, {"type": "Feature", "geometry": {"type": "Polygon", "coordinates": [[[-93.12867806290785, 18.228204999479136], [-93.12423864305501, 18.230939550146786], [-93.12434713140753, 18.23597148169604], [-93.12889540443688, 18.238269032158986], [-93.1333351492158, 18.23553436879114], [-93.13322629602887, 18.230502267672648], [-93.12867806290785, 18.228204999479136]]]}, "properties": {"h3_index": "886d20d143fffff", "conteo": 7}}, {"type": "Feature", "geometry": {"type": "Polygon", "coordinates": [[[-93.1360314140063, 18.152299110511905], [-93.13159454756494, 18.155034387362278], [-93.13170326962121, 18.160064781339948], [-93.13624922254272, 18.162360067753216], [-93.14068641344372, 18.15962467765923], [-93.14057732695318, 18.154594114407693], [-93.1360314140063, 18.152299110511905]]]}, "properties": {"h3_index": "886d20d1a5fffff", "conteo": 24}}, {"type": "Feature", "geometry": {"type": "Polygon", "coordinates": [[[-93.0090885780655, 18.098092669337415], [-93.00465548037947, 18.100823957322834], [-93.00475900507664, 18.105850592975617], [-93.00929599092805, 18.108146111493575], [-93.01372941411893, 18.1054147110841], [-93.01362552594296, 18.10038790459273], [-93.0090885780655, 18.098092669337415]]]}, "properties": {"h3_index": "886d20d539fffff", "conteo": 6}}, {"type": "Feature", "geometry": {"type": "Polygon", "coordinates": [[[-92.2810895566516, 16.99906669427518], [-92.27670624391801, 17.001779778552677], [-92.27677967654641, 17.006764750888316], [-92.28123677530503, 17.00903681631919], [-92.28562041515107, 17.00632361934456], [-92.28554662911475, 17.001338469647713], [-92.2810895566516, 16.99906669427518]]]}, "properties": {"h3_index": "886d2155d1fffff", "conteo": 9}}, {"type": "Feature", "geometry": {"type": "Polygon", "coordinates": [[[-92.05857537020968, 16.53968531422425], [-92.05421171323823, 16.542393323118663], [-92.0542760189498, 16.547361317183558], [-92.05870433125337, 16.549621481181394], [-92.06306831507557, 16.54691335872031], [-92.06300365973199, 16.54194518583947], [-92.05857537020968, 16.53968531422425]]]}, "properties": {"h3_index": "886d216451fffff", "conteo": 3}}, {"type": "Feature", "geometry": {"type": "Polygon", "coordinates": [[[-91.58715428198207, 17.301245930808545], [-91.58277272942475, 17.303933948758054], [-91.58281858703846, 17.308911419865066], [-91.58724634835842, 17.311201060256682], [-91.59162823611011, 17.30851293789813], [-91.59158202733522, 17.303535279567832], [-91.58715428198207, 17.301245930808545]]]}, "properties": {"h3_index": "886d2186c3fffff", "conteo": 6}}, {"type": "Feature", "geometry": {"type": "Polygon", "coordinates": [[[-92.34985775438962, 17.44524201681594], [-92.3454578153551, 17.44795492727176], [-92.34553426804148, 17.4529525921449], [-92.35001101603581, 17.455237524355162], [-92.35441128382934, 17.452524503391537], [-92.3543344748582, 17.44752666073697], [-92.34985775438962, 17.44524201681594]]]}, "properties": {"h3_index": "886d21d83dfffff", "conteo": 15}}, {"type": "Feature", "geometry": {"type": "Polygon", "coordinates": [[[-93.00583932312142, 16.421861812556305], [-93.00146443232745, 16.424601046762362], [-93.0015664710455, 16.429585727415272], [-93.00604375453504, 16.431831339939123], [-93.01041896238162, 16.42909198291835], [-93.0103165696759, 16.42410713620072], [-93.00583932312142, 16.421861812556305]]]}, "properties": {"h3_index": "886d2305a5fffff", "conteo": 3}}, {"type": "Feature", "geometry": {"type": "Polygon", "coordinates": [[[-93.16657258807929, 16.472765261180278], [-93.16219357699988, 16.4755094880601], [-93.16230209700477, 16.48049880674087], [-93.16678998314927, 16.482744062642226], [-93.17116930990626, 16.479999711828654], [-93.17106043483119, 16.475010229059876], [-93.16657258807929, 16.472765261180278]]]}, "properties": {"h3_index": "886d2308d3fffff", "conteo": 15}}, {"type": "Feature", "geometry": {"type": "Polygon", "coordinates": [[[-93.06844561216907, 16.44831111644743], [-93.06406888102731, 16.451052273297712], [-93.06417344823302, 16.456038947773525], [-93.06865510101822, 16.45828463072821], [-93.0730321487126, 16.455543350667682], [-93.07292722705905, 16.45055651087505], [-93.06844561216907, 16.44831111644743]]]}, "properties": {"h3_index": "886d230e33fffff", "conteo": 21}}, {"type": "Feature", "geometry": {"type": "Polygon", "coordinates": [[[-93.2237188118083, 16.44705585523669], [-93.2193398583514, 16.449801996702583], [-93.21945064750321, 16.45479175543566], [-93.22394074530926, 16.457035535962653], [-93.22832001373271, 16.45428926989815], [-93.22820886937366, 16.449299347917734], [-93.2237188118083, 16.44705585523669]]]}, "properties": {"h3_index": "886d23724dfffff", "conteo": 3}}, {"type": "Feature", "geometry": {"type": "Polygon", "coordinates": [[[-92.39445508889774, 18.307724587441093], [-92.39002427350465, 18.31043332979674], [-92.39010305241383, 18.315451952076888], [-92.39461300813238, 18.31776201157648], [-92.39904415636208, 18.31505316378269], [-92.39896501602514, 18.31003436193886], [-92.39445508889774, 18.307724587441093]]]}, "properties": {"h3_index": "886d242ed1fffff", "conteo": 7}}, {"type": "Feature", "geometry": {"type": "Polygon", "coordinates": [[[-92.15849868651651, 14.539422024483455], [-92.15420153353645, 14.54213898242844], [-92.1542687523448, 14.547048865161281], [-92.15863346344653, 14.54924196053584], [-92.16293093223078, 14.546524875827686], [-92.16286337409832, 14.541614822520073], [-92.15849868651651, 14.539422024483455]]]}, "properties": {"h3_index": "886d2a3191fffff", "conteo": 7}}, {"type": "Feature", "geometry": {"type": "Polygon", "coordinates": [[[-92.2345659702355, 15.007434241777009], [-92.23025167775617, 15.010152841302604], [-92.23032213782419, 15.015079515588672], [-92.23470723260168, 15.017287761696043], [-92.23902184251834, 15.01456903756171], [-92.23895104020934, 15.009642191940637], [-92.2345659702355, 15.007434241777009]]]}, "properties": {"h3_index": "886d2a8c21fffff", "conteo": 3}}, {"type": "Feature", "geometry": {"type": "Polygon", "coordinates": [[[-92.08292801310066, 15.386268443454732], [-92.07860343707364, 15.38898146546382], [-92.07866812257681, 15.393916650380127], [-92.08305772755953, 15.396138987923603], [-92.08738262432279, 15.393425844957902], [-92.08731759535596, 15.388490485417016], [-92.08292801310066, 15.386268443454732]]]}, "properties": {"h3_index": "886d2e2d29fffff", "conteo": 12}}, {"type": "Feature", "geometry": {"type": "Polygon", "coordinates": [[[-92.0841436447709, 16.143550371047837], [-92.07979316384265, 16.146260922905032], [-92.07985828373512, 16.15121846265673], [-92.0842742321388, 16.15346562776222], [-92.08862503764297, 16.150754959626155], [-92.08855957015624, 16.145797242674984], [-92.0841436447709, 16.143550371047837]]]}, "properties": {"h3_index": "886d2e8893fffff", "conteo": 9}}, {"type": "Feature", "geometry": {"type": "Polygon", "coordinates": [[[-92.40797697626921, 16.066564138675844], [-92.40362367289734, 16.069285398717184], [-92.40370161018954, 16.07424770165738], [-92.40813319977154, 16.076488917332263], [-92.41248682427435, 16.07376753762757], [-92.41240853805336, 16.068805061923175], [-92.40797697626921, 16.066564138675844]]]}, "properties": {"h3_index": "886d2eccc1fffff", "conteo": 3}}, {"type": "Feature", "geometry": {"type": "Polygon", "coordinates": [[[-95.02407727802277, 16.518520562486284], [-95.01967408030487, 16.521323327125295], [-95.0198575444554, 16.526348490186358], [-95.02444456977906, 16.528571027491036], [-95.02884806317417, 16.525768122974952], [-95.02866423556107, 16.520742821045147], [-95.02407727802277, 16.518520562486284]]]}, "properties": {"h3_index": "886d3176d7fffff", "conteo": 3}}, {"type": "Feature", "geometry": {"type": "Polygon", "coordinates": [[[-97.55155381143241, 17.011793737498234], [-97.54711714277403, 17.014673597622835], [-97.54740457581529, 17.01975012170272], [-97.55212905149335, 17.021946889518105], [-97.55656598645052, 17.019066871366388], [-97.55627817942737, 17.013990243441857], [-97.55155381143241, 17.011793737498234]]]}, "properties": {"h3_index": "886d3241cdfffff", "conteo": 3}}, {"type": "Feature", "geometry": {"type": "Polygon", "coordinates": [[[-96.43403588756293, 17.03112841093312], [-96.4296038076816, 17.033974356189145], [-96.42984552363596, 17.039035616747313], [-96.43451969065019, 17.04125105227742], [-96.43895205144521, 17.038404958224252], [-96.4387099643071, 17.03334357745291], [-96.43403588756293, 17.03112841093312]]]}, "properties": {"h3_index": "886d32a6c5fffff", "conteo": 11}}, {"type": "Feature", "geometry": {"type": "Polygon", "coordinates": [[[-95.47532568604929, 18.214088060339947], [-95.47085959266462, 18.21690125706439], [-95.47106404593697, 18.221975436070856], [-95.47573496750908, 18.224236555303136], [-95.4802013590734, 18.221423224862143], [-95.47999653087902, 18.216348908919393], [-95.47532568604929, 18.214088060339947]]]}, "properties": {"h3_index": "886d34254bfffff", "conteo": 3}}, {"type": "Feature", "geometry": {"type": "Polygon", "coordinates": [[[-96.46065903071671, 18.54275947291793], [-96.4561742685124, 18.545603782723287], [-96.45641994825384, 18.55070026029019], [-96.46115077030746, 18.552952551527216], [-96.46563581977765, 18.55010810150718], [-96.46538975992294, 18.54501150047942], [-96.46065903071671, 18.54275947291793]]]}, "properties": {"h3_index": "886d344915fffff", "conteo": 7}}, {"type": "Feature", "geometry": {"type": "Polygon", "coordinates": [[[-96.07321557184532, 18.039416420476954], [-96.06875092152053, 18.042249571652647], [-96.0689796807717, 18.04732937601158], [-96.07367346627956, 18.049576157138404], [-96.07813840655714, 18.046742866070016], [-96.07790927136813, 18.041662933781907], [-96.07321557184532, 18.039416420476954]]]}, "properties": {"h3_index": "886d346dabfffff", "conteo": 6}}, {"type": "Feature", "geometry": {"type": "Polygon", "coordinates": [[[-96.08226600945113, 18.13820155575475], [-96.07779784980906, 18.141034740333875], [-96.07802715831744, 18.146116873533412], [-96.08272500300951, 18.148365950200525], [-96.08719345293784, 18.145532626234672], [-96.08696376788188, 18.14045036500285], [-96.08226600945113, 18.13820155575475]]]}, "properties": {"h3_index": "886d346f23fffff", "conteo": 5}}, {"type": "Feature", "geometry": {"type": "Polygon", "coordinates": [[[-96.0939908550142, 19.1103017826027], [-96.08948849260925, 19.113131904703376], [-96.08972003757619, 19.118234171516487], [-96.0944543273009, 19.120506446281386], [-96.09895698429214, 19.11767619047299], [-96.09872505696633, 19.112573793621735], [-96.0939908550142, 19.1103017826027]]]}, "properties": {"h3_index": "886d34da9dfffff", "conteo": 297}}, {"type": "Feature", "geometry": {"type": "Polygon", "coordinates": [[[-95.31175982031452, 18.010498450892], [-95.30730227322813, 18.01330700531852], [-95.30749968657658, 18.01837397811997], [-95.31215502013619, 18.020632535283035], [-95.3166128664366, 18.0178238473412], [-95.31641507995623, 18.012756735765507], [-95.31175982031452, 18.010498450892]]]}, "properties": {"h3_index": "886d35426dfffff", "conteo": 7}}, {"type": "Feature", "geometry": {"type": "Polygon", "coordinates": [[[-95.42235970033953, 18.034274869672117], [-95.41790034526302, 18.03708695173641], [-95.41810233600783, 18.04215628404875], [-95.42276405549876, 18.04441367156887], [-95.42722370856129, 18.041601455171957], [-95.42702134413987, 18.036531985601503], [-95.42235970033953, 18.034274869672117]]]}, "properties": {"h3_index": "886d355853fffff", "conteo": 3}}, {"type": "Feature", "geometry": {"type": "Polygon", "coordinates": [[[-94.2719685752675, 18.078084736874885], [-94.26751940540801, 18.080858712926524], [-94.26767432905474, 18.085909113364387], [-94.27227879189023, 18.088185691313598], [-94.27672827345066, 18.085411591307757], [-94.27657298046591, 18.080361037319975], [-94.2719685752675, 18.078084736874885]]]}, "properties": {"h3_index": "886d35b44dfffff", "conteo": 5}}, {"type": "Feature", "geometry": {"type": "Polygon", "coordinates": [[[-95.1247859177609, 18.257821797204414], [-95.12032145183241, 18.26062329143227], [-95.12051156286121, 18.265692610169637], [-95.12516651368627, 18.267960576722416], [-95.12963128224321, 18.265158952096], [-95.12944079733917, 18.260089491329083], [-95.1247859177609, 18.257821797204414]]]}, "properties": {"h3_index": "886d35c19dfffff", "conteo": 3}}, {"type": "Feature", "geometry": {"type": "Polygon", "coordinates": [[[-96.55706960403208, 18.528866949774635], [-96.55258476389932, 18.531714433672693], [-96.55283440561102, 18.536812036684445], [-96.5575692677659, 18.539062277833672], [-96.56205439384796, 18.536214652823283], [-96.5618043718206, 18.53111692779069], [-96.55706960403208, 18.528866949774635]]]}, "properties": {"h3_index": "886d368449fffff", "conteo": 31}}, {"type": "Feature", "geometry": {"type": "Polygon", "coordinates": [[[-97.11019985649118, 18.476834611923206], [-97.105714063852, 18.479700064283875], [-97.1059864975314, 18.484804416346666], [-97.11074510536903, 18.487043429837883], [-97.11523117641461, 18.484177831428482], [-97.11495836121185, 18.47907336559162], [-97.11019985649118, 18.476834611923206]]]}, "properties": {"h3_index": "886d36c565fffff", "conteo": 3}}, {"type": "Feature", "geometry": {"type": "Polygon", "coordinates": [[[-97.0328524028949, 18.505110739712684], [-97.02836596118149, 18.507973650015447], [-97.02863525112329, 18.51307752402294], [-97.0333913642656, 18.51531860272075], [-97.03787808554324, 18.5124555471768], [-97.03760841410993, 18.507351558191218], [-97.0328524028949, 18.505110739712684]]]}, "properties": {"h3_index": "886d36c711fffff", "conteo": 12}}, {"type": "Feature", "geometry": {"type": "Polygon", "coordinates": [[[-97.05133776855233, 18.503865477919135], [-97.04685128773949, 18.506728984715018], [-97.04712134068475, 18.511833088540953], [-97.05187825597073, 18.514073800288575], [-97.05636501609537, 18.511210148090466], [-97.05609458161781, 18.506105929561954], [-97.05133776855233, 18.503865477919135]]]}, "properties": {"h3_index": "886d36c739fffff", "conteo": 26}}, {"type": "Feature", "geometry": {"type": "Polygon", "coordinates": [[[-97.0764812742354, 18.540591808394662], [-97.07199339721618, 18.54345604219145], [-97.07226456919673, 18.548561253573528], [-97.0770240000083, 18.55080234558555], [-97.08151215616287, 18.547937966391654], [-97.08124060236617, 18.542832640597847], [-97.0764812742354, 18.540591808394662]]]}, "properties": {"h3_index": "886d36c76dfffff", "conteo": 3}}, {"type": "Feature", "geometry": {"type": "Polygon", "coordinates": [[[-97.18168602660944, 18.425862803652723], [-97.17720171529335, 18.428730643389176], [-97.17747700046739, 18.433834906806624], [-97.18223697835495, 18.436071443108183], [-97.18672156689743, 18.433203456434228], [-97.18644590032177, 18.428099080411307], [-97.18168602660944, 18.425862803652723]]]}, "properties": {"h3_index": "886d36cc45fffff", "conteo": 5}}]}